/home/fyquah/fyp/prod/rundir/2018-06-13T16_09_14.343190Z/opt_data/initial/0/execution_stats.sexp,192.168.0.10,50,795,0,202022418,72745026,72745026,18664448,18664448,17513882,1150399,1140682,167,3502876,27,2865828061,82760304,2865828061,82760304,714700,82388271,2852269520,11358,27653,14811863923,14222115424,2817528588,80920390,847702,81625322,2846575049,10890,28224,14739668074,13988610888,209002782,2591867421,2287241400,135579628,7323526,73617243,390811227,129884005,13288739595,36003688,2593019170,816906,2146833616,N/A,3.9509
/home/fyquah/fyp/prod/rundir/2018-06-13T16_09_14.343190Z/opt_data/initial/1/execution_stats.sexp,192.168.0.10,50,795,0,202022418,72745026,72745026,18664448,18664448,17513882,1150399,1140682,167,3502876,27,2870977117,82883807,2870977117,82883807,730354,82517703,2844514600,8755,25670,14795486758,14237068811,2797055092,80183377,844944,81547004,2835613306,12094,25616,14733068558,13912446652,209041348,2561046418,2262994011,135755374,7256895,74428298,390951082,130068896,13293578796,35955564,2618429688,827036,2167035260,N/A,3.9498
/home/fyquah/fyp/prod/rundir/2018-06-13T16_09_16.638697Z/opt_data/initial/0/execution_stats.sexp,192.168.0.11,50,795,0,202022418,72745026,72745026,18664448,18664448,17513882,1150399,1140682,167,3502876,27,2850960318,82301735,2850960318,82301735,693828,82275236,2872055406,12739,30561,14808904530,14189433500,2770408083,80666370,848433,81883298,2845373132,12558,23930,14731711366,13898015188,208954582,2557389030,2266833928,135346256,7316556,75279406,390762269,130241134,13290690189,35854829,2632184084,817113,2149756352,N/A,3.9518
/home/fyquah/fyp/prod/rundir/2018-06-13T16_09_16.638697Z/opt_data/initial/1/execution_stats.sexp,192.168.0.11,50,795,0,202022418,72745026,72745026,18664448,18664448,17513882,1150399,1140682,167,3502876,27,2844858419,82210817,2844858419,82210817,704509,82593411,2873779327,10975,26019,14814580919,14130675819,2770521612,80651086,846786,81876740,2837656654,10123,23966,14738529626,13913546878,209062100,2556547527,2272682077,135586249,7243666,75924516,391065493,129963686,13303666645,35710830,2645901596,811555,2128014663,N/A,3.9529
/home/fyquah/fyp/prod/rundir/2018-06-13T16_09_18.991835Z/opt_data/initial/0/execution_stats.sexp,192.168.0.12,50,795,0,202022418,72745026,72745026,18664448,18664448,17513882,1150399,1140682,167,3502876,27,2874600067,83366997,2874600067,83366997,705304,83151474,2835091484,8509,25323,14867484609,14200466525,2802602091,81134932,831787,81566318,2841731982,8736,24774,14739511220,13974044053,208637637,2581074134,2280013633,135760250,7142949,75004860,391102882,130223990,13306210976,35799685,2624928889,830174,2122779253,N/A,3.9509
/home/fyquah/fyp/prod/rundir/2018-06-13T16_09_18.991835Z/opt_data/initial/1/execution_stats.sexp,192.168.0.12,50,795,0,202022418,72745026,72745026,18664448,18664448,17513882,1150399,1140682,167,3502876,27,2872717631,82911404,2872717631,82911404,713249,82387242,2842918645,10861,20217,14791807936,14262127188,2809758635,80940293,856048,81546190,2848750800,10029,20619,14739729462,13982480171,209131286,2586054982,2293599275,135531022,7440824,73624708,390810579,130017212,13289033878,35990081,2590563266,834409,2145390334,N/A,3.9539
/home/fyquah/fyp/prod/rundir/2018-06-13T16_09_18.991835Z/opt_data/0/0/execution_stats.sexp,192.168.0.12,50,795,0,202022421,72745616,72745616,18664448,18664448,17513892,1150397,1140667,159,3502878,27,2834263952,82106454,2834263952,82106454,629981,82671870,2886132622,7888,25960,14912530591,14020499679,2772739396,79824086,795318,80335922,2798980182,9340,23936,14731730170,13990362796,208169502,2563547537,2151532688,133131587,7349874,75260734,390906071,129750600,13318623166,35886042,2686711466,849528,2191108587,N/A,3.9728
/home/fyquah/fyp/prod/rundir/2018-06-13T16_09_18.991835Z/opt_data/1/0/execution_stats.sexp,192.168.0.12,50,795,0,202022421,72745616,72745616,18664448,18664448,17513892,1150399,1140672,157,3502878,27,2859431367,82170770,2859431367,82170770,633496,82215515,2858748567,14213,38330,14798427757,14198305250,2809039672,81455926,830578,81577994,2847596921,9585,28490,14733374972,13986816859,206349642,2586369134,2282326315,133975840,7444506,72734148,390514878,128429302,13279137184,35529503,2592808980,786945,2129698864,N/A,3.9424
/home/fyquah/fyp/prod/rundir/2018-06-13T16_09_18.991835Z/opt_data/2/0/execution_stats.sexp,192.168.0.12,50,795,0,202022421,72745616,72745616,18664448,18664448,17513892,1150399,1140672,157,3502878,27,2872477483,82567908,2872477483,82567908,611636,82472869,2833197640,8331,16634,14870246445,14180066670,2712348904,81150794,797152,81149484,2834173926,10306,20350,14739680254,13957997929,208419203,2556557927,2239765653,135462239,7266300,73416699,391085319,128790121,13325054891,35797289,2653953118,766071,2066050834,N/A,3.9628
/home/fyquah/fyp/prod/rundir/2018-06-13T17_57_48.448833Z/opt_data/initial/0/execution_stats.sexp,192.168.0.10,50,795,0,202022418,72745026,72745026,18664448,18664448,17513882,1150399,1140682,167,3502876,27,2875736290,82983036,2875736290,82983036,714338,82797129,2842500192,8986,18691,15660420280,14192050067,2816078566,81236496,930807,81710308,2844245673,10536,29055,14745734470,13986938514,209682601,2590308292,2282216050,136500572,7341010,74810150,390848130,130008504,13290254219,35915976,2591253802,822517,2156066125,N/A,3.9529
/home/fyquah/fyp/prod/rundir/2018-06-13T17_57_48.448833Z/opt_data/initial/1/execution_stats.sexp,192.168.0.10,50,795,0,202022418,72745026,72745026,18664448,18664448,17513882,1150399,1140682,167,3502876,27,2869811731,83012575,2869811731,83012575,719132,82433244,2847373453,8936,24300,14796365270,14256664043,2750503862,80270386,841210,81246087,2835361976,8624,22590,14703266654,13997142136,208681393,2574945643,2228024116,136706190,7199633,76522478,390838386,130756905,13302974337,35721885,2663629240,830962,2152509703,N/A,3.9568
/home/fyquah/fyp/prod/rundir/2018-06-13T17_57_48.448833Z/opt_data/0/0/execution_stats.sexp,192.168.0.10,50,795,0,202022421,72745616,72745616,18664448,18664448,17513892,1150397,1140667,159,3502878,27,2848470651,82389048,2848470651,82389048,638386,82933930,2869257279,22479,22862,14908269504,14038778446,2782946864,79517288,772660,80474540,2784337766,7924,25593,14740826645,13960490950,207875558,2568096854,2142706830,133707232,7445194,74323946,391119679,129612070,13326472120,35927879,2683191614,866347,2176264004,N/A,3.9739
/home/fyquah/fyp/prod/rundir/2018-06-13T17_57_48.448833Z/opt_data/1/0/execution_stats.sexp,192.168.0.10,50,795,0,202022421,72745616,72745616,18664448,18664448,17513892,1150397,1140667,159,3502878,27,2877292359,82742249,2877292359,82742249,639351,82314001,2836606523,8304,8925,14796108941,14263205606,2810505189,80978576,811362,81536796,2852156199,7669,10576,14738544450,13986392112,209317288,2592205870,2286559724,136325930,7398010,73730274,390323067,130097452,13272445924,35977590,2569226729,804900,2164616644,N/A,3.9463
/home/fyquah/fyp/prod/rundir/2018-06-13T17_57_48.448833Z/opt_data/2/0/execution_stats.sexp,192.168.0.10,50,795,0,202022421,72745801,72745801,18664448,18664448,17514077,1150221,1140537,150,3502915,27,2881400634,83135703,2881400634,83135703,615786,82537158,2828503464,6736,22219,14833406422,14210745547,2771518616,81308552,790340,81367974,2846827206,7976,17084,14737936545,13962141870,206276192,2557841438,2248921966,133261362,7452364,73125554,391045809,127786973,13307360348,35964205,2639381772,762173,2093192210,N/A,3.9603
/home/fyquah/fyp/prod/rundir/2018-06-13T17_57_50.825821Z/opt_data/initial/0/execution_stats.sexp,192.168.0.11,50,795,0,202022418,72745026,72745026,18664448,18664448,17513882,1150399,1140682,167,3502876,27,2873932339,83009788,2873932339,83009788,725285,82874918,2837562998,10970,25865,14854543085,14212480513,2823908256,80965110,868212,81587099,2847514890,16668,21590,14733449525,13960302534,208673859,2575558252,2278744110,135563862,7338751,74003304,390825878,129953606,13289236134,35830648,2602605390,824165,2151166562,N/A,3.9538
/home/fyquah/fyp/prod/rundir/2018-06-13T17_57_50.825821Z/opt_data/initial/1/execution_stats.sexp,192.168.0.11,50,795,0,202022418,72745026,72745026,18664448,18664448,17513882,1150399,1140682,167,3502876,27,2871442596,82920944,2871442596,82920944,746069,82343839,2845040980,9623,27103,14797409405,14264701596,2791854014,80876142,855112,81637943,2844356100,10312,24926,14723190352,13937669148,208935188,2574095201,2255566089,135449909,7183060,74746936,390717694,130125324,13286242257,35752803,2615178200,822816,2154801195,N/A,3.9538
/home/fyquah/fyp/prod/rundir/2018-06-13T17_57_50.825821Z/opt_data/0/0/execution_stats.sexp,192.168.0.11,50,795,0,202022421,72745616,72745616,18664448,18664448,17513892,1150397,1140667,159,3502878,27,2842115538,81886877,2842115538,81886877,630846,82468058,2874025294,10495,27016,14923896911,14057938573,2708299861,80411306,798758,80551467,2831684674,7882,21994,14738289004,13926838150,208667536,2553002122,2203130508,134454594,7116262,75459969,391041221,129025197,13323590174,35965688,2694775429,791326,2147238852,N/A,3.9688
/home/fyquah/fyp/prod/rundir/2018-06-13T17_57_50.825821Z/opt_data/1/0/execution_stats.sexp,192.168.0.11,50,795,0,202022421,72745616,72745616,18664448,18664448,17513892,1150397,1140667,159,3502878,27,2876596927,82515048,2876596927,82515048,613665,82562256,2833812374,8667,24230,14807088001,14172091612,2787915790,80468588,771866,81382364,2841788584,6977,20102,14737373026,13953124292,206281731,2558489088,2288066320,134419696,7303438,74110854,390923930,127652500,13292104592,35985684,2635716144,773304,2102227800,N/A,3.9558
/home/fyquah/fyp/prod/rundir/2018-06-13T17_57_50.825821Z/opt_data/2/0/execution_stats.sexp,192.168.0.11,50,795,0,202022421,72745616,72745616,18664448,18664448,17513892,1150397,1140667,159,3502878,27,2882838608,82736222,2882838608,82736222,625164,81854316,2829638759,8845,15389,14768036141,14282623783,2813669242,80753109,790326,81358044,2849617142,7628,15746,14737838618,13984030172,209325828,2590598064,2278505778,135553454,7236306,73134326,390271890,130020099,13270646026,35820608,2581631696,796131,2155767454,N/A,3.9443
/home/fyquah/fyp/prod/rundir/2018-06-13T17_57_53.106038Z/opt_data/initial/0/execution_stats.sexp,192.168.0.12,50,795,0,202022418,72745026,72745026,18664448,18664448,17513882,1150399,1140682,167,3502876,27,2864996038,82511674,2864996038,82511674,707559,82053295,2854089205,9389,23937,14808392665,14214693284,2803008315,80682520,877247,81757822,2849541526,11104,33835,14739192269,13954499080,208999594,2580494448,2290096630,136116654,7145842,73852630,390743640,130195913,13286338697,36103112,2596305914,811301,2168379677,N/A,3.9509
/home/fyquah/fyp/prod/rundir/2018-06-13T17_57_53.106038Z/opt_data/initial/1/execution_stats.sexp,192.168.0.12,50,795,0,202022418,72745026,72745026,18664448,18664448,17513882,1150399,1140682,167,3502876,27,2859440319,82615009,2859440319,82615009,710667,82104224,2861231624,9268,23091,14820895990,14214315856,2791892732,81049154,890194,81868116,2848882800,9558,22512,14739263441,13966376802,209372350,2584927328,2299458767,135495056,7278254,74675312,390730056,130377056,13291065282,36066061,2609970464,807873,2154846956,N/A,3.9549
/home/fyquah/fyp/prod/rundir/2018-06-13T18_17_04.817945Z/opt_data/initial/0/execution_stats.sexp,192.168.0.10,50,795,0,202022418,72745026,72745026,18664448,18664448,17513882,1150399,1140682,167,3502876,27,2871763893,83066885,2871763893,83066885,721686,82425507,2844830090,8961,26775,14797648180,14257567856,2753254376,80581797,847878,81486416,2858621002,9076,21864,14712946206,13989684023,208626647,2570522291,2249910201,136666313,7142415,75695694,390695538,130099660,13295905908,35686967,2653717247,810190,2125742659,N/A,3.9514
/home/fyquah/fyp/prod/rundir/2018-06-13T18_17_04.817945Z/opt_data/initial/1/execution_stats.sexp,192.168.0.10,50,795,0,202022418,72745026,72745026,18664448,18664448,17513882,1150399,1140682,167,3502876,27,2871878141,83048401,2871878141,83048401,732229,82430839,2844813177,9129,27379,14808625804,14243572749,2802412162,81573730,850448,81945985,2847390555,33307,24827,14731517928,13970662046,208967664,2580010792,2287161220,135828434,7327763,74493106,390705302,129640580,13290204446,35970682,2605123906,814886,2135854149,N/A,3.9544
/home/fyquah/fyp/prod/rundir/2018-06-13T18_17_07.178990Z/opt_data/initial/0/execution_stats.sexp,192.168.0.11,50,795,0,202022418,72745026,72745026,18664448,18664448,17513882,1150399,1140682,167,3502876,27,2862079402,82610733,2862079402,82610733,702467,82227970,2857988529,8544,28420,14797034603,14241950233,2787368000,80762333,847968,81837620,2842592351,9990,25630,14739033307,13924206428,208974111,2562496070,2262563448,135489164,7402050,74490006,390849090,130158510,13291010478,35939948,2613945757,831800,2146484888,N/A,3.9534
/home/fyquah/fyp/prod/rundir/2018-06-13T18_17_07.178990Z/opt_data/initial/1/execution_stats.sexp,192.168.0.11,50,795,0,202022418,72745026,72745026,18664448,18664448,17513882,1150399,1140682,167,3502876,27,2872733428,83006293,2872733428,83006293,730366,82796344,2841024076,10054,25490,14804034755,14242872583,2788275678,81040328,861418,81948750,2854056643,10912,28374,14730738642,13939181246,209349031,2583234396,2260982940,136100747,7383060,73490447,390334378,130044765,13272564356,36133956,2600819088,806892,2153799246,N/A,3.9534
/home/fyquah/fyp/prod/rundir/2018-06-13T18_17_07.178990Z/opt_data/0/0/execution_stats.sexp,192.168.0.11,50,795,0,202022421,72745616,72745616,18664448,18664448,17513892,1150397,1140667,159,3502878,27,2848483957,82205352,2848483957,82205352,637549,82523571,2872683083,8943,33547,14829121861,14143903226,2753995673,78367240,801300,79926100,2813489748,26646,24528,14737687576,13955412860,208599928,2560084516,2131101540,132539216,7266014,74165278,391033486,129835350,13323337487,35886954,2692339923,845221,2166403051,N/A,3.9703
/home/fyquah/fyp/prod/rundir/2018-06-13T18_17_07.178990Z/opt_data/1/0/execution_stats.sexp,192.168.0.11,50,795,0,202022421,72745616,72745616,18664448,18664448,17513892,1150397,1140667,159,3502878,27,2876039465,82589004,2876039465,82589004,624692,81757975,2837516175,7977,18385,14820785703,14262675366,2789544186,81519192,803782,81629568,2848698920,9087,20712,14730168457,13951111730,206228990,2561616651,2261733994,133809120,7332038,73556897,390556978,127741460,13280126901,36026018,2629511530,778134,2124132779,N/A,3.9543
/home/fyquah/fyp/prod/rundir/2018-06-13T18_17_07.178990Z/opt_data/2/0/execution_stats.sexp,192.168.0.11,50,795,0,202022421,72745616,72745616,18664448,18664448,17513892,1150397,1140667,159,3502878,27,2848370208,81958085,2848370208,81958085,609396,82140147,2866407540,6863,20449,14821860516,14148141806,2793940209,81111331,803186,81833539,2847732749,7722,18548,14740904250,13942367704,209519234,2576588316,2274773365,135633176,7405474,73419296,390515252,130133460,13279104600,35981854,2591201330,799678,2150023144,N/A,3.9479
/home/fyquah/fyp/prod/rundir/2018-06-13T18_17_09.474926Z/opt_data/initial/0/execution_stats.sexp,192.168.0.12,50,795,0,202022418,72745026,72745026,18664448,18664448,17513882,1150399,1140682,167,3502876,27,2870991176,82966297,2870991176,82966297,707330,81949004,2847429493,8506,23740,14800076012,14256352216,2793353980,80067062,857761,81455454,2840241706,11440,24870,14740643640,13941893336,208958584,2570570850,2261241466,136036465,7366198,74297738,390978771,130165964,13294560320,35896608,2617073770,825531,2153532990,N/A,3.9573
/home/fyquah/fyp/prod/rundir/2018-06-13T18_17_09.474926Z/opt_data/initial/1/execution_stats.sexp,192.168.0.12,50,795,0,202022418,72745026,72745026,18664448,18664448,17513882,1150399,1140682,167,3502876,27,2864267990,82963900,2864267990,82963900,714233,82098646,2854200468,9368,24567,14835883172,14249849321,2827396902,80886606,845896,81340847,2841359442,15205,28578,14739826759,13986371047,208768621,2585052794,2259972948,135880531,7273202,73771067,391054514,130033554,13297680414,35865075,2601374486,822176,2151941292,N/A,3.9573
/home/fyquah/fyp/prod/rundir/2018-06-13T18_36_23.799464Z/opt_data/initial/0/execution_stats.sexp,192.168.0.10,50,795,0,202022418,72745026,72745026,18664448,18664448,17513882,1150399,1140682,167,3502876,27,2863738526,82612421,2863738526,82612421,705736,82107736,2855471991,10032,26000,14808695836,14213910496,2761407794,79954015,842801,80877234,2837745424,9734,25704,14720282006,13967600002,208801166,2570635955,2233854603,135697516,7314958,75907585,391069891,130557308,13311711510,35648870,2669579494,841568,2112609270,N/A,3.9554
/home/fyquah/fyp/prod/rundir/2018-06-13T18_36_23.799464Z/opt_data/initial/1/execution_stats.sexp,192.168.0.10,50,795,0,202022418,72745026,72745026,18664448,18664448,17513882,1150399,1140682,167,3502876,27,2869423380,82795806,2869423380,82795806,732480,82328186,2849844530,15603,22682,14797742592,14247846387,2811360692,80357882,861712,81439382,2840959144,16170,25587,14739722887,13963564925,209442137,2576726590,2279707814,135572957,7316290,73914934,390820340,130094446,13289114931,35942314,2601862490,842134,2160743631,N/A,3.9539
/home/fyquah/fyp/prod/rundir/2018-06-13T18_36_23.799464Z/opt_data/0/0/execution_stats.sexp,192.168.0.10,50,795,0,202022421,72745616,72745616,18664448,18664448,17513892,1150397,1140667,159,3502878,27,2838418063,82558320,2838418063,82558320,615194,82955460,2884749001,9593,25547,14857217377,14124421924,2774941010,79556680,777286,80136044,2793629728,8546,24595,14737689328,13988005306,208712892,2566244191,2153702568,133836720,7512134,75703455,391110933,129501538,13325943858,35862102,2695265644,846274,2205943814,N/A,3.9679
/home/fyquah/fyp/prod/rundir/2018-06-13T18_36_23.799464Z/opt_data/1/0/execution_stats.sexp,192.168.0.10,50,795,0,202022421,72745616,72745616,18664448,18664448,17513892,1150397,1140667,159,3502878,27,2862137487,82057427,2862137487,82057427,624271,81887029,2853810775,8927,20357,14797523437,14245070750,2824611000,81720502,789875,81851162,2861317511,7966,17718,14732385660,13955988583,209357115,2595268286,2319688031,136549302,7345100,73024653,390299559,129722563,13271422016,36053728,2540212406,809180,2188196992,N/A,3.9484
/home/fyquah/fyp/prod/rundir/2018-06-13T18_36_23.799464Z/opt_data/2/0/execution_stats.sexp,192.168.0.10,50,795,0,202022421,72745631,72745631,18664448,18664448,17513907,1150380,1140667,161,3502881,27,2855581500,82559003,2855581500,82559003,624351,83391663,2863325556,12534,26222,14895718380,14016836825,2664096546,81237688,787727,81302110,2835190808,8842,24314,14733627746,13910321872,208772658,2556488076,2245310096,135174905,7150893,76187058,391070288,129661544,13324753280,35924280,2687078798,777630,2094140629,N/A,3.9683
/home/fyquah/fyp/prod/rundir/2018-06-13T18_36_26.115543Z/opt_data/initial/0/execution_stats.sexp,192.168.0.11,50,795,0,202022418,72745026,72745026,18664448,18664448,17513882,1150399,1140682,167,3502876,27,2864410426,82701795,2864410426,82701795,708139,82437713,2856017528,9252,26574,14797459470,14245211950,2797712694,80467916,868923,81728603,2843751588,12036,22672,14730862155,13922985570,208866985,2558264096,2255910698,136010864,7188615,74358628,390617788,130143590,13282422662,35894072,2616081934,827895,2153042534,N/A,3.9489
/home/fyquah/fyp/prod/rundir/2018-06-13T18_36_26.115543Z/opt_data/initial/1/execution_stats.sexp,192.168.0.11,50,795,0,202022418,72745026,72745026,18664448,18664448,17513882,1150399,1140682,167,3502876,27,2880263133,83042731,2880263133,83042731,731231,82834650,2830333218,10704,29207,14789198501,14156344099,2760017792,80347306,850734,80840664,2840582447,14632,26358,14687752680,14110125828,208505861,2586501870,2221609322,136609115,7043704,76761559,390825815,130578130,13306054874,35543138,2686521124,830344,2152547879,N/A,3.9524
/home/fyquah/fyp/prod/rundir/2018-06-13T18_36_26.115543Z/opt_data/0/0/execution_stats.sexp,192.168.0.11,50,795,0,202022418,72745026,72745026,18664448,18664448,17513882,1150399,1140682,167,3502876,27,2863684605,82638508,2863684605,82638508,671416,82333269,2854193123,10716,22309,14793497939,14254950737,2804475324,81883172,927179,82246126,2847963836,9677,26194,14738865163,13980514854,207999779,2610745529,2330929552,134587092,7203368,73623190,389652818,128856160,13026838054,35189130,2567456483,792066,2172956764,N/A,3.9449
/home/fyquah/fyp/prod/rundir/2018-06-13T18_36_26.115543Z/opt_data/1/0/execution_stats.sexp,192.168.0.11,50,795,0,202022421,72745616,72745616,18664448,18664448,17513892,1150397,1140667,159,3502878,27,2884662665,83015289,2884662665,83015289,626412,82165822,2823735229,9260,25939,14856271995,14255724934,2729711142,79942389,791424,80415262,2820310546,10232,26496,14739529182,13925291296,208056971,2550787862,2194937346,133680286,7262494,74733830,391079549,129368424,13324810645,35853494,2682120369,810143,2163150966,N/A,3.9723
/home/fyquah/fyp/prod/rundir/2018-06-13T18_36_26.115543Z/opt_data/2/0/execution_stats.sexp,192.168.0.11,50,795,0,202022418,72745026,72745026,18664448,18664448,17513882,1150399,1140682,167,3502876,27,2844691632,81973155,2844691632,81973155,645984,82293931,2872522478,8512,17424,14832047431,14127760856,2822461320,81081346,810270,81191528,2850751036,23148,26630,14738441188,13992179956,208980751,2595493484,2280209466,136053375,7251294,73686342,390844912,130009096,13289959156,35836910,2586396194,821657,2156715721,N/A,3.9499
/home/fyquah/fyp/prod/rundir/2018-06-13T18_36_28.409766Z/opt_data/initial/0/execution_stats.sexp,192.168.0.12,50,795,0,202022418,72745026,72745026,18664448,18664448,17513882,1150399,1140682,167,3502876,27,2865927175,82629737,2865927175,82629737,703943,82247353,2853029332,8847,27747,14796682551,14235987270,2777180639,80569540,845828,81761016,2837023912,12344,24700,14740533344,13930749223,209250713,2564186114,2271850128,135618653,7344720,74839926,390952328,130167782,13296791978,35899828,2628035502,839054,2150748294,N/A,3.9539
/home/fyquah/fyp/prod/rundir/2018-06-13T18_36_28.409766Z/opt_data/initial/1/execution_stats.sexp,192.168.0.12,50,795,0,202022418,72745026,72745026,18664448,18664448,17513882,1150399,1140682,167,3502876,27,2867475793,82807619,2867475793,82807619,717917,82322898,2850972881,8375,28157,14809163205,14229505316,2818062657,81129880,857040,81710035,2843663616,12304,26362,14737262844,13966630100,209067392,2580617323,2281956533,136024232,7206690,73849531,390841138,130116443,13289881958,36046502,2593465988,822024,2161127390,N/A,3.9549
/home/fyquah/fyp/prod/rundir/2018-06-13T18_36_28.409766Z/opt_data/0/0/execution_stats.sexp,192.168.0.12,50,795,0,202022421,72745616,72745616,18664448,18664448,17513892,1150397,1140667,159,3502878,27,2857082247,82352552,2857082247,82352552,620615,83136147,2860316588,9685,24711,14898919817,14012009131,2717565112,80488902,778094,81010755,2814076088,8132,26174,14733004369,13976666926,208243036,2564149684,2201223054,134011828,7302710,75652402,390880579,129239572,13317803597,35852538,2688722596,822285,2147718499,N/A,3.9703
/home/fyquah/fyp/prod/rundir/2018-06-13T18_36_28.409766Z/opt_data/1/0/execution_stats.sexp,192.168.0.12,50,795,0,202022421,72745616,72745616,18664448,18664448,17513892,1150397,1140667,159,3502878,27,2870811432,82436513,2870811432,82436513,627167,82926327,2843984957,10924,19201,14879791289,14083047772,2681355122,80962354,774824,81051926,2840772647,10273,20691,14728585544,13917000212,208767820,2565661862,2221791860,135426456,7390962,75949853,390863556,130115631,13317802414,35758920,2694546092,750491,2065839670,N/A,3.9614
/home/fyquah/fyp/prod/rundir/2018-06-13T18_36_28.409766Z/opt_data/2/0/execution_stats.sexp,192.168.0.12,50,795,0,202022418,72745067,72745067,18664448,18664448,17513887,1150413,1140657,148,3502877,27,2863379841,82469011,2863379841,82469011,611313,82208128,2853246306,7787,19386,14797238557,14221750092,2801978074,81283200,803559,81780959,2853832401,8210,23000,14740045875,14007264134,209540720,2609388245,2308032654,136229258,7344776,73653816,390376306,129933303,13274233914,36147575,2577514550,801120,2166510242,N/A,3.9784
/home/fyquah/fyp/prod/rundir/2018-06-13T19_00_40.168322Z/opt_data/initial/0/execution_stats.sexp,192.168.0.10,50,795,0,202022418,72745026,72745026,18664448,18664448,17513882,1150399,1140682,167,3502876,27,2854967198,82647918,2854967198,82647918,694611,82188368,2866969434,8382,26902,14832208959,14217107462,2815901682,81500264,858978,81954364,2848148898,9848,24697,14739205002,13974343880,209214708,2592547754,2286248872,135856714,7349040,73397117,390686931,129871312,13284557538,36145100,2584100950,813832,2158319914,N/A,3.9519
/home/fyquah/fyp/prod/rundir/2018-06-13T19_00_40.168322Z/opt_data/initial/1/execution_stats.sexp,192.168.0.10,50,795,0,202022418,72745026,72745026,18664448,18664448,17513882,1150399,1140682,167,3502876,27,2866538686,82792278,2866538686,82792278,707911,82311873,2852948084,8574,24741,14807716313,14231419391,2805428968,81296676,835501,81885694,2848228708,10238,25364,14730700006,13936097430,209310476,2576640528,2270450834,135418374,7398910,74550053,390794934,130266544,13292301360,36022547,2617232461,816538,2139771838,N/A,3.9509
/home/fyquah/fyp/prod/rundir/2018-06-13T19_00_42.462405Z/opt_data/initial/0/execution_stats.sexp,192.168.0.11,50,795,0,202022418,72745026,72745026,18664448,18664448,17513882,1150399,1140682,167,3502876,27,2847771210,82464239,2847771210,82464239,679859,82660406,2869336165,10283,29697,14827045980,14153874594,2786429518,82378878,890363,82745032,2851323876,9054,23624,14732572814,13918635582,209627159,2578957342,2292561912,136208632,7198303,74821752,390274875,130335182,13270514903,36051078,2590313723,805384,2158499960,N/A,3.9464
/home/fyquah/fyp/prod/rundir/2018-06-13T19_00_42.462405Z/opt_data/initial/1/execution_stats.sexp,192.168.0.11,50,795,0,202022418,72745026,72745026,18664448,18664448,17513882,1150399,1140682,167,3502876,27,2866082114,82776552,2866082114,82776552,709249,82308790,2852115587,9535,30457,14796462607,14244038122,2800693904,80371306,839914,81723690,2845710222,10464,31620,14730435724,13947226464,209288244,2573870375,2270761462,135688737,7281962,73604738,390496817,129964396,13278139653,36084732,2599739280,819896,2150416070,N/A,3.9489
/home/fyquah/fyp/prod/rundir/2018-06-13T19_00_44.775361Z/opt_data/initial/0/execution_stats.sexp,192.168.0.12,50,795,0,202022418,72745026,72745026,18664448,18664448,17513882,1150399,1140682,167,3502876,27,2873675517,82852654,2873675517,82852654,721628,82601209,2839194448,8738,24450,14800713545,14251498861,2802400871,80646085,850337,81315639,2842444392,11764,23148,14739544089,13970111772,208873418,2579524300,2279847206,135819954,7037591,74821006,391003624,130216486,13302710530,35758600,2620810068,825513,2138007611,N/A,3.9549
/home/fyquah/fyp/prod/rundir/2018-06-13T19_00_44.775361Z/opt_data/initial/1/execution_stats.sexp,192.168.0.12,50,795,0,202022418,72745026,72745026,18664448,18664448,17513882,1150399,1140682,167,3502876,27,2876083684,82998719,2876083684,82998719,720613,82811079,2837299081,11088,29749,14789847186,14195166354,2811868137,81131703,913841,81824867,2845341250,31127,25832,14739690638,13966090470,209122538,2575268899,2271072152,135774760,7278816,74013662,390829800,130014174,13289082071,35986596,2601911778,835483,2155416614,N/A,3.9554
/home/fyquah/fyp/prod/rundir/2018-06-13T19_00_44.775361Z/opt_data/0/0/execution_stats.sexp,192.168.0.12,50,795,0,202022421,72745616,72745616,18664448,18664448,17513892,1150397,1140667,159,3502878,27,2837092465,82083766,2837092465,82083766,614991,82732984,2881068782,10827,25604,14924902851,14046091945,2790318620,79960986,776172,80650524,2792644838,9112,26954,14739943809,13971534168,208055344,2561771652,2146510708,133572360,7247070,74015834,391091722,129429621,13325789546,35932690,2684442736,859702,2166996072,N/A,3.9724
/home/fyquah/fyp/prod/rundir/2018-06-13T19_00_44.775361Z/opt_data/1/0/execution_stats.sexp,192.168.0.12,50,795,0,202022418,72745272,72745272,18664448,18664448,17513887,1150421,1140662,140,3502877,27,2883079857,83052988,2883079857,83052988,608634,82454349,2827188613,6987,22281,14834499662,14233786764,2750966390,81395170,793474,81515638,2848129948,8208,22484,14732104673,13958102230,206375561,2556918001,2236260976,133837185,7365618,73261682,390880327,127759352,13305795018,36000711,2650163496,764136,2098014698,N/A,3.9563
/home/fyquah/fyp/prod/rundir/2018-06-13T19_00_44.775361Z/opt_data/2/0/execution_stats.sexp,192.168.0.12,50,795,0,202022418,72745272,72745272,18664448,18664448,17513887,1150421,1140662,140,3502877,27,2887950684,83233920,2887950684,83233920,612439,81806179,2823380271,11054,21320,14777003161,14315778672,2817999044,81616869,811215,81952763,2859290764,10247,21698,14738273082,13986652148,207555204,2597548510,2300655552,134451525,7415074,71927766,389962272,128574954,13260150982,35964794,2543461380,792825,2172898772,N/A,3.9449
/home/fyquah/fyp/prod/rundir/2018-06-13T19_20_02.175759Z/opt_data/initial/0/execution_stats.sexp,192.168.0.10,50,795,0,202022418,72745026,72745026,18664448,18664448,17513882,1150399,1140682,167,3502876,27,2877444138,82929389,2877444138,82929389,684435,81909269,2838460220,7764,25625,14786099273,14257300786,2805654024,80647346,864379,81454249,2843690250,11340,21848,14740413862,13972645639,209122316,2582646889,2260625400,135632031,7358228,73732841,390847714,130028868,13289437334,35886562,2600223769,830914,2159240728,N/A,3.9514
/home/fyquah/fyp/prod/rundir/2018-06-13T19_20_02.175759Z/opt_data/initial/1/execution_stats.sexp,192.168.0.10,50,795,0,202022418,72745026,72745026,18664448,18664448,17513882,1150399,1140682,167,3502876,27,2874868460,82956128,2874868460,82956128,732594,82718986,2839507792,9431,22837,14775229591,14194732401,2793978697,80618252,856681,81588038,2844960286,10700,27192,14725592846,13917789852,208886592,2565220565,2255399328,135799278,7323210,74258286,390744082,129894214,13286686924,35959126,2616817028,821286,2154417380,N/A,3.9529
/home/fyquah/fyp/prod/rundir/2018-06-13T19_20_04.599129Z/opt_data/initial/0/execution_stats.sexp,192.168.0.11,50,795,0,202022418,72745026,72745026,18664448,18664448,17513882,1150399,1140682,167,3502876,27,2864545831,82579849,2864545831,82579849,701801,82272750,2856303495,9302,24232,14810268809,14232958756,2803218500,80999718,842902,81847268,2851212639,8098,24946,14739051418,13938638382,208721558,2574804208,2284621144,135875021,7272953,74075266,390810740,130160004,13288683954,35978898,2605650648,829015,2151812675,N/A,3.9524
/home/fyquah/fyp/prod/rundir/2018-06-13T19_20_04.599129Z/opt_data/initial/1/execution_stats.sexp,192.168.0.11,50,795,0,202022418,72745026,72745026,18664448,18664448,17513882,1150399,1140682,167,3502876,27,2863377326,82648234,2863377326,82648234,708350,82257387,2856423474,10431,25982,14807918078,14227883705,2784097880,80493612,852590,81749658,2849884124,9124,21530,14731679080,13930860976,209513860,2579661234,2264344908,136125520,7443680,73659488,390357614,129998835,13273629844,36081037,2607209711,812115,2160565995,N/A,3.9533
/home/fyquah/fyp/prod/rundir/2018-06-13T19_20_06.924396Z/opt_data/initial/0/execution_stats.sexp,192.168.0.12,50,795,0,202022418,72745026,72745026,18664448,18664448,17513882,1150399,1140682,167,3502876,27,2869512331,82902070,2869512331,82902070,731025,82385811,2849029518,10520,24182,14797690871,14252172370,2818228100,80903635,859311,81499976,2848923326,10478,25614,14739949858,13990838434,209217128,2591569340,2292171666,135718900,7305610,73552582,390866024,130196265,13290887809,36012055,2588762630,826068,2146505012,N/A,3.9594
/home/fyquah/fyp/prod/rundir/2018-06-13T19_20_06.924396Z/opt_data/initial/1/execution_stats.sexp,192.168.0.12,50,795,0,202022418,72745026,72745026,18664448,18664448,17513882,1150399,1140682,167,3502876,27,2871435986,82921558,2871435986,82921558,735640,82389456,2844452645,8565,24837,14797217862,14263599164,2795113729,80754545,865134,81745816,2845350688,10718,35961,14738923150,13912452204,208821242,2560008732,2264557486,135626182,7305108,75052648,391017490,130406010,13298935743,35810700,2627287988,825364,2148230434,N/A,3.9544
/home/fyquah/fyp/prod/rundir/2018-06-13T19_41_08.122261Z/opt_data/initial/0/execution_stats.sexp,192.168.0.10,50,795,0,202022418,72745026,72745026,18664448,18664448,17513882,1150399,1140682,167,3502876,27,2859472372,82718442,2859472372,82718442,716712,82215224,2861101700,10070,27808,14834524994,14217285318,2763832382,79784521,836014,80870967,2842529465,9002,23369,14720947316,13993093048,209090980,2573325625,2265492503,136586895,6996438,75988102,391055860,129950676,13313637380,35649558,2667144610,806151,2118713784,N/A,3.9534
/home/fyquah/fyp/prod/rundir/2018-06-13T19_41_08.122261Z/opt_data/initial/1/execution_stats.sexp,192.168.0.10,50,795,0,202022418,72745026,72745026,18664448,18664448,17513882,1150399,1140682,167,3502876,27,2865246386,82682414,2865246386,82682414,724739,82239647,2854662199,12653,28767,14808572595,14215749137,2767425942,80925828,857902,81828514,2846551384,10778,25712,14732823326,13927942966,209178051,2558521780,2269815161,135390090,7293396,75560078,390854394,130559551,13297087458,35818588,2641638597,840932,2135443874,N/A,3.9549
/home/fyquah/fyp/prod/rundir/2018-06-13T19_41_08.122261Z/opt_data/0/0/execution_stats.sexp,192.168.0.10,50,795,0,202022421,72745616,72745616,18664448,18664448,17513892,1150397,1140667,159,3502878,27,2842881644,81954109,2842881644,81954109,627913,82734860,2880597851,9726,32888,14933681460,14035530892,2877819199,81153590,787339,80677846,2780916738,8614,28711,14712838225,13980968368,208060713,2578435896,2182505260,134533378,7145934,77554345,391077728,129954142,13325582474,35946742,2702474368,858567,2252949667,N/A,3.9734
/home/fyquah/fyp/prod/rundir/2018-06-13T19_41_08.122261Z/opt_data/1/0/execution_stats.sexp,192.168.0.10,50,795,0,202022421,72745616,72745616,18664448,18664448,17513892,1150397,1140667,159,3502878,27,2887441285,82532136,2887441285,82532136,611809,81802317,2820013190,7840,21913,14845490164,14191952238,2688939207,80499229,790658,80493204,2838952450,12661,31384,14734721676,13924244364,205880339,2552727540,2233536292,133237543,7104536,74698194,391066900,128079022,13325011993,35585327,2692584180,763996,2118193997,N/A,3.9604
/home/fyquah/fyp/prod/rundir/2018-06-13T19_41_08.122261Z/opt_data/2/0/execution_stats.sexp,192.168.0.10,50,795,0,202022421,72745616,72745616,18664448,18664448,17513892,1150397,1140667,159,3502878,27,2861528186,82747562,2861528186,82747562,612228,82702555,2847672986,8182,23135,14880030302,14118544624,2688801588,79305306,787124,80140700,2837378754,8716,22010,14738262660,13938597946,206187146,2557989078,2196675726,133469134,7216250,74449246,391046316,128175066,13323892766,35614764,2700214854,751386,2119719008,N/A,3.9673
/home/fyquah/fyp/prod/rundir/2018-06-13T19_41_10.454771Z/opt_data/initial/0/execution_stats.sexp,192.168.0.11,50,795,0,202022418,72745026,72745026,18664448,18664448,17513882,1150399,1140682,167,3502876,27,2861055624,82746331,2861055624,82746331,704063,82912005,2853089407,7936,23494,14794014741,14104151084,2809690894,81245046,850985,81741462,2852546716,9836,23594,14737198748,14001732090,209196290,2597220542,2284437738,135519738,7442902,73290733,390621100,129818938,13282292142,36021055,2585809882,800613,2141900345,N/A,3.9509
/home/fyquah/fyp/prod/rundir/2018-06-13T19_41_10.454771Z/opt_data/initial/1/execution_stats.sexp,192.168.0.11,50,795,0,202022418,72745026,72745026,18664448,18664448,17513882,1150399,1140682,167,3502876,27,2848858273,82180591,2848858273,82180591,675243,81978285,2870595981,9824,26753,14843985228,14140516584,2783114308,80800726,841416,81403574,2833634766,9672,29606,14700709048,14009718897,209361910,2585642678,2235864658,136192927,7117464,75736599,390815766,130529750,13302833458,35803994,2652926376,822685,2135982654,N/A,3.9504
/home/fyquah/fyp/prod/rundir/2018-06-13T19_41_10.454771Z/opt_data/0/0/execution_stats.sexp,192.168.0.11,50,795,0,202022421,72745616,72745616,18664448,18664448,17513892,1150397,1140667,159,3502878,27,2835097619,82368022,2835097619,82368022,635418,82743145,2884749594,10345,23232,14918157826,14062019488,2744339289,79016543,791242,80257418,2807655633,8866,27754,14740263404,13996480329,208453372,2567406056,2160571741,134463444,7224097,75248282,391068238,129362048,13324365636,35888878,2702849270,834970,2159417849,N/A,3.9699
/home/fyquah/fyp/prod/rundir/2018-06-13T19_41_12.748301Z/opt_data/initial/0/execution_stats.sexp,192.168.0.12,50,795,0,202022418,72745026,72745026,18664448,18664448,17513882,1150399,1140682,167,3502876,27,2855966583,82511880,2855966583,82511880,696139,83255988,2866078302,10093,28652,14797166056,14047385095,2797539610,80366438,862306,81635312,2832768788,10766,25116,14734916344,13945093800,208948906,2567258586,2276411358,135977918,7213558,74885106,390864752,129899546,13298522696,35805992,2623989148,816281,2134989222,N/A,3.9494
/home/fyquah/fyp/prod/rundir/2018-06-13T19_41_12.748301Z/opt_data/initial/1/execution_stats.sexp,192.168.0.12,50,795,0,202022418,72745026,72745026,18664448,18664448,17513882,1150399,1140682,167,3502876,27,2871308222,83005441,2871308222,83005441,725344,82426406,2845309684,12476,26611,14796594130,14257931788,2776092504,81288384,851931,81971542,2845635864,9612,21931,14730203178,13912979480,209160198,2567109088,2254824902,135191860,7473082,74584680,390685310,130113916,13286594057,35914508,2615101706,831744,2148904628,N/A,3.9583
/home/fyquah/fyp/prod/rundir/2018-06-13T19_41_12.748301Z/opt_data/0/0/execution_stats.sexp,192.168.0.12,50,795,0,202022421,72745616,72745616,18664448,18664448,17513892,1150397,1140667,159,3502878,27,2861203278,82353576,2861203278,82353576,611589,81674241,2855624391,8979,25612,14882222594,14224561991,2716795222,78908286,779984,80051852,2827240381,8424,25696,14731289964,13993645624,208613716,2564659702,2163845352,133931130,7298334,75277248,390856488,129632117,13317806702,35839028,2697955127,833068,2148368068,N/A,3.9694
/home/fyquah/fyp/prod/rundir/2018-06-13T19_41_12.748301Z/opt_data/1/0/execution_stats.sexp,192.168.0.12,50,795,0,202022421,72745616,72745616,18664448,18664448,17513892,1150397,1140667,159,3502878,27,2847872505,83008438,2847872505,83008438,619795,83135001,2873016085,10287,33251,14782603487,14164233054,2684312752,80262687,801899,80652621,2839360152,15654,25010,14728791611,13933059080,208664766,2556962215,2197140834,134855533,7267264,75693714,390880210,129677784,13317962289,35869616,2696134726,769904,2105722638,N/A,3.9872
/home/fyquah/fyp/prod/rundir/2018-06-13T19_41_12.748301Z/opt_data/2/0/execution_stats.sexp,192.168.0.12,50,795,0,202022421,72745616,72745616,18664448,18664448,17513892,1150397,1140667,159,3502878,27,2877045585,82588911,2877045585,82588911,622190,82165347,2836940199,7561,16927,14797020131,14268614727,2819447163,81238403,805694,81542762,2850363639,34838,15759,14738083436,13960598002,209462819,2581321098,2295821668,136204793,7359049,73936706,390367182,129925792,13273654032,35831664,2558065691,815122,2173519772,N/A,3.9468
/home/fyquah/fyp/prod/rundir/2018-06-13T20_03_25.482618Z/opt_data/initial/0/execution_stats.sexp,192.168.0.10,50,795,0,202022418,72745026,72745026,18664448,18664448,17513882,1150399,1140682,167,3502876,27,2871067648,83007233,2871067648,83007233,716107,82410230,2845985881,9189,26805,14795865583,14267707103,2794412132,80656068,846309,81610046,2847345386,9602,22436,14740511307,13952801625,209056278,2577036892,2268327130,136269822,7401576,74275110,390934460,130231565,13292798228,35971474,2612100425,836512,2146443686,N/A,3.9499
/home/fyquah/fyp/prod/rundir/2018-06-13T20_03_25.482618Z/opt_data/initial/1/execution_stats.sexp,192.168.0.10,50,795,0,202022418,72745026,72745026,18664448,18664448,17513882,1150399,1140682,167,3502876,27,2870730841,82943098,2870730841,82943098,728668,82562083,2844032325,8318,24907,14796492701,14245613005,2796941301,80700678,862388,81716520,2838384640,9548,26350,14731749194,13944515024,208795654,2557048782,2271991352,136368282,7093436,75073588,391008039,130011778,13302590041,35848170,2627662218,811476,2135779915,N/A,3.9529
/home/fyquah/fyp/prod/rundir/2018-06-13T20_03_27.840016Z/opt_data/initial/0/execution_stats.sexp,192.168.0.11,50,795,0,202022418,72745026,72745026,18664448,18664448,17513882,1150399,1140682,167,3502876,27,2870466349,82952577,2870466349,82952577,723522,82369593,2846289356,8824,28965,14798395826,14259057367,2776796624,81132706,855067,80902859,2831193214,10992,28779,14688226450,14003156658,208846414,2588768585,2220385505,135531202,7147570,76397423,390797162,130830344,13302095350,35558324,2657080926,830860,2197207315,N/A,3.9499
/home/fyquah/fyp/prod/rundir/2018-06-13T20_03_27.840016Z/opt_data/initial/1/execution_stats.sexp,192.168.0.11,50,795,0,202022418,72745026,72745026,18664448,18664448,17513882,1150399,1140682,167,3502876,27,2871779512,82950418,2871779512,82950418,730028,82452161,2845023157,11261,29982,14796524487,14261088473,2777563380,81273520,857247,82088417,2850248500,11566,24568,14723345312,13899278608,209056194,2561180275,2250804487,135821178,7382568,74193714,390316359,130009870,13272069918,36018187,2608587506,811040,2158321254,N/A,3.9503
/home/fyquah/fyp/prod/rundir/2018-06-13T20_03_27.840016Z/opt_data/0/0/execution_stats.sexp,192.168.0.11,50,795,0,202022421,72745616,72745616,18664448,18664448,17513892,1150397,1140667,159,3502878,27,2868081268,82810407,2868081268,82810407,631895,82946233,2848718299,10364,23822,14894790486,14148778849,2691294184,79599102,790442,80246786,2833229654,8726,27320,14741411020,13963847547,208905502,2555883867,2197564734,134987258,7249108,76054606,391101788,129470646,13325920035,35934992,2707210060,791388,2138804051,N/A,3.9688
/home/fyquah/fyp/prod/rundir/2018-06-13T20_03_27.840016Z/opt_data/1/0/execution_stats.sexp,192.168.0.11,50,795,0,202022421,72745616,72745616,18664448,18664448,17513892,1150397,1140667,159,3502878,27,2868887271,82552253,2868887271,82552253,606169,81697619,2848148156,8015,23732,14814123915,14279359243,2830343882,80882054,770840,81307310,2839412842,7574,23530,14739379064,13981576205,206013108,2575828850,2298229187,133959436,7386230,72620509,390673130,128026042,13284654139,36261748,2599154954,770990,2139434912,N/A,3.9529
/home/fyquah/fyp/prod/rundir/2018-06-13T20_03_27.840016Z/opt_data/2/0/execution_stats.sexp,192.168.0.11,50,795,0,202022421,72745616,72745616,18664448,18664448,17513892,1150397,1140667,159,3502878,27,2851052776,81938461,2851052776,81938461,618823,82008099,2863315423,7259,18286,14820587725,14161676638,2732889865,81059926,820226,81803214,2835819471,6139,14794,14722623308,13911197146,208906581,2565298547,2271275693,136025830,7211617,75512718,390887258,129744274,13304795094,35244546,2660908391,773328,2056702823,N/A,3.9523
/home/fyquah/fyp/prod/rundir/2018-06-13T20_03_30.147199Z/opt_data/initial/0/execution_stats.sexp,192.168.0.12,50,795,0,202022418,72745026,72745026,18664448,18664448,17513882,1150399,1140682,167,3502876,27,2864939969,82575594,2864939969,82575594,707639,82128556,2854318932,16620,24773,14808986294,14219180414,2805412774,80380376,847258,81358488,2840002332,10053,23877,14740334682,13951506610,208739150,2568756128,2250853880,135802182,7300272,74284227,390978490,130361104,13296401548,35832166,2616688670,840550,2147296768,N/A,3.9584
/home/fyquah/fyp/prod/rundir/2018-06-13T20_03_30.147199Z/opt_data/initial/1/execution_stats.sexp,192.168.0.12,50,795,0,202022418,72745026,72745026,18664448,18664448,17513882,1150399,1140682,167,3502876,27,2850519429,82390905,2850519429,82390905,684757,82497971,2873443801,9682,28178,14833549654,14168777235,2793095800,81155640,851525,81768850,2850835766,9181,23688,14731673489,13925897676,208861626,2569563395,2272603344,135273010,7227870,74607876,390737585,130074797,13288842850,35783428,2610500177,825444,2147454720,N/A,3.9549
/home/fyquah/fyp/prod/rundir/2018-06-13T20_22_16.247552Z/opt_data/initial/0/execution_stats.sexp,192.168.0.10,50,795,0,202022418,72745026,72745026,18664448,18664448,17513882,1150399,1140682,167,3502876,27,2881684917,82921773,2881684917,82921773,712773,82743564,2827303863,47838,29220,14850653143,14154529596,2788483192,80831531,860218,81686372,2842547472,10083,22709,14733097277,13911716122,208759360,2565257358,2257854756,135636792,7347852,74964872,391050250,130208194,13299226012,35816728,2636859406,822230,2138379140,N/A,3.9544
/home/fyquah/fyp/prod/rundir/2018-06-13T20_22_16.247552Z/opt_data/initial/1/execution_stats.sexp,192.168.0.10,50,795,0,202022418,72745026,72745026,18664448,18664448,17513882,1150399,1140682,167,3502876,27,2864927160,82686195,2864927160,82686195,744235,82307111,2855155539,19017,22155,14810587757,14215832883,2809473938,81319910,855024,81742178,2842483886,10042,21192,14732876388,13957580676,208733730,2576154755,2282584565,135940155,7155238,74406682,391014292,130024909,13300222396,35866788,2612531270,825378,2137094989,N/A,3.9549
/home/fyquah/fyp/prod/rundir/2018-06-13T20_22_18.639298Z/opt_data/initial/0/execution_stats.sexp,192.168.0.11,50,795,0,202022418,72745026,72745026,18664448,18664448,17513882,1150399,1140682,167,3502876,27,2868973205,82781397,2868973205,82781397,720368,82340368,2850670616,10434,26147,14810250908,14230434183,2804253677,82308640,912238,82511750,2846536075,11210,32446,14731347324,13942773186,210253018,2596605733,2297668641,136305802,7258344,74267484,390224754,130239364,13268894551,36271874,2577450923,818223,2161463198,N/A,3.9548
/home/fyquah/fyp/prod/rundir/2018-06-13T20_22_18.639298Z/opt_data/initial/1/execution_stats.sexp,192.168.0.11,50,795,0,202022418,72745026,72745026,18664448,18664448,17513882,1150399,1140682,167,3502876,27,2862843321,82703356,2862843321,82703356,717428,82300100,2857200342,8474,20576,14807755580,14229588901,2796914011,81250554,864448,81753062,2848954289,9258,22920,14731305243,13926782072,208839302,2579269514,2281787363,136115826,7296460,74639386,390888206,130080479,13291194992,35945549,2607796578,822120,2149756387,N/A,3.9489
/home/fyquah/fyp/prod/rundir/2018-06-13T20_22_20.962842Z/opt_data/initial/0/execution_stats.sexp,192.168.0.12,50,795,0,202022418,72745026,72745026,18664448,18664448,17513882,1150399,1140682,167,3502876,27,2871697250,83072101,2871697250,83072101,721482,82496442,2844746406,13048,28570,14799168528,14259522727,2798655184,80567758,858151,81454944,2842107526,11186,24348,14740807151,13940101837,208839052,2573250938,2251638826,136257979,7443090,74522325,391114047,130241672,13299048304,35782906,2623261032,821574,2148924990,N/A,3.9549
/home/fyquah/fyp/prod/rundir/2018-06-13T20_22_20.962842Z/opt_data/initial/1/execution_stats.sexp,192.168.0.12,50,795,0,202022418,72745026,72745026,18664448,18664448,17513882,1150399,1140682,167,3502876,27,2868510084,83007138,2868510084,83007138,724556,83336879,2851094676,12136,24209,14781362705,14119394195,2828922214,80754512,860080,81437530,2845692867,12560,31186,14738341118,13957124120,208705957,2581006896,2278591192,135513956,7208635,73647274,390905428,129929896,13292199683,35777340,2593919093,837234,2162653105,N/A,3.9574
/home/fyquah/fyp/prod/rundir/2018-06-13T20_22_20.962842Z/opt_data/0/0/execution_stats.sexp,192.168.0.12,50,795,0,202022421,72745616,72745616,18664448,18664448,17513892,1150397,1140667,159,3502878,27,2846972946,82290105,2846972946,82290105,614284,82896672,2871619990,16675,26269,14906613615,14041985029,2742057434,79835144,779329,80227294,2808486139,9520,28508,14739766234,13990183062,208409614,2562663616,2180810191,134563638,7346316,75579862,391106308,129466598,13325738988,35869356,2701996554,814452,2153421494,N/A,3.9704
/home/fyquah/fyp/prod/rundir/2018-06-13T20_22_20.962842Z/opt_data/1/0/execution_stats.sexp,192.168.0.12,50,795,0,202022421,72745616,72745616,18664448,18664448,17513892,1150397,1140667,159,3502878,27,2863481195,82164915,2863481195,82164915,631297,81972937,2852259300,7443,19868,14799212502,14243040759,2818297222,81625978,804150,81905622,2854785906,39237,17006,14739264976,13962295570,209367440,2596699713,2318633054,136440586,7324086,73463504,390279313,129857665,13270999097,36078664,2539160006,791793,2200507702,N/A,3.9493
/home/fyquah/fyp/prod/rundir/2018-06-13T20_22_20.962842Z/opt_data/2/0/execution_stats.sexp,192.168.0.12,50,795,0,202022421,72745616,72745616,18664448,18664448,17513892,1150397,1140667,159,3502878,27,2833419361,82034576,2833419361,82034576,622592,83078193,2891876774,7357,25054,14718548509,13994801892,2798005131,82282347,803586,82152982,2851686448,7818,22012,14726244778,13979578402,208399084,2620211928,2364900954,135086601,6778106,73926647,385725668,127683101,13015159500,35322496,2568877824,769024,2200433202,N/A,3.9384
/home/fyquah/fyp/prod/rundir/2018-06-13T20_40_53.102348Z/opt_data/initial/0/execution_stats.sexp,192.168.0.10,50,795,0,202022418,72745026,72745026,18664448,18664448,17513882,1150399,1140682,167,3502876,27,2861751296,83128894,2861751296,83128894,711849,83470185,2858930720,8912,21749,14813310695,14168724053,2782623902,80663728,834013,81653548,2842264500,10626,25174,14739337663,13935226801,208773054,2560160257,2252881762,135412212,7342102,74965610,391128402,130196173,13303462968,35826793,2632098878,835829,2130841908,N/A,3.9524
/home/fyquah/fyp/prod/rundir/2018-06-13T20_40_53.102348Z/opt_data/initial/1/execution_stats.sexp,192.168.0.10,50,795,0,202022418,72745026,72745026,18664448,18664448,17513882,1150399,1140682,167,3502876,27,2869875031,82969921,2869875031,82969921,739376,82274412,2848263954,9431,27070,14797772282,14271526835,2810434407,80893102,885023,81751128,2848161006,9938,22417,14740630710,13969037640,209216430,2588092518,2283819592,136198626,7271105,73741308,390712804,130257037,13285437257,36120083,2589696434,822644,2172782134,N/A,3.9529
/home/fyquah/fyp/prod/rundir/2018-06-13T20_40_53.102348Z/opt_data/0/0/execution_stats.sexp,192.168.0.10,50,795,0,202022421,72745616,72745616,18664448,18664448,17513892,1150397,1140667,159,3502878,27,2834719841,81978426,2834719841,81978426,632053,82732933,2884303193,10733,24930,14922686935,14027023537,2728627856,79946288,786514,80633326,2812980867,8556,26242,14739744964,13949409615,208156264,2556879010,2200914091,134284312,7181217,75215194,391069949,129303474,13324771680,35865844,2690342683,835180,2148328208,N/A,3.9734
/home/fyquah/fyp/prod/rundir/2018-06-13T20_40_53.102348Z/opt_data/1/0/execution_stats.sexp,192.168.0.10,50,795,0,202022421,72745616,72745616,18664448,18664448,17513892,1150397,1140667,159,3502878,27,2852879858,81908608,2852879858,81908608,637766,81942598,2860525006,11222,21905,14792300362,14188497672,2812437976,82591984,818210,82416164,2845385579,8913,23350,14731607988,13984070213,208621952,2638509436,2377323967,135146141,6735198,73219500,382144005,126977390,13021293504,35201553,2569993726,791641,2197533760,N/A,3.9409
/home/fyquah/fyp/prod/rundir/2018-06-13T20_40_53.102348Z/opt_data/2/0/execution_stats.sexp,192.168.0.10,50,795,0,202022421,72745616,72745616,18664448,18664448,17513892,1150397,1140667,159,3502878,27,2870753239,82340778,2870753239,82340778,636401,82567121,2844371348,8208,16864,14880210232,14109800082,2714107585,80929424,806066,81018455,2835405534,73484,13242,14738611666,13959077624,208753602,2566143766,2207909689,135056072,7244624,75439442,391078594,130075418,13325048914,35669510,2687659072,781830,2086929332,N/A,3.9719
/home/fyquah/fyp/prod/rundir/2018-06-13T20_40_55.401673Z/opt_data/initial/0/execution_stats.sexp,192.168.0.11,50,795,0,202022418,72745026,72745026,18664448,18664448,17513882,1150399,1140682,167,3502876,27,2881846691,82722935,2881846691,82722935,711568,82794534,2831999576,10950,25167,14883809823,14217268715,2820670592,81537427,874176,81957750,2850382808,9861,24915,14739270916,13968011458,209277670,2589339129,2281076906,136196033,7350513,74254517,390686573,130131376,13284516980,36050939,2606256610,833804,2154793876,N/A,3.9474
/home/fyquah/fyp/prod/rundir/2018-06-13T20_40_55.401673Z/opt_data/initial/1/execution_stats.sexp,192.168.0.11,50,795,0,202022418,72745026,72745026,18664448,18664448,17513882,1150399,1140682,167,3502876,27,2852463438,82254105,2852463438,82254105,695190,82418493,2868366035,21412,22797,14828261633,14084281548,2808874124,80999969,852822,81743602,2849428232,15596,33785,14739047591,13967378276,209268064,2585176263,2278475999,135921374,7415098,73526230,390661304,130084479,13283957836,36057506,2589484944,828240,2147329518,N/A,3.9554
/home/fyquah/fyp/prod/rundir/2018-06-13T20_40_55.401673Z/opt_data/0/0/execution_stats.sexp,192.168.0.11,50,795,0,202022418,72745026,72745026,18664448,18664448,17513882,1150399,1140682,167,3502876,27,2846203088,81966135,2846203088,81966135,631982,82732706,2867331065,9047,18648,14769331534,14058521567,2799959819,83042462,821240,82682622,2846052538,6725,16698,14739827325,13998921928,208419255,2639290647,2350091032,135277542,6779578,74060734,385904654,127872234,13026032401,35342102,2582713767,781644,2189820594,N/A,3.9393
/home/fyquah/fyp/prod/rundir/2018-06-13T20_40_55.401673Z/opt_data/1/0/execution_stats.sexp,192.168.0.11,50,795,0,202022418,72745026,72745026,18664448,18664448,17513882,1150399,1140682,167,3502876,27,2857167099,82707919,2857167099,82707919,613609,83266646,2853660542,9019,19863,14921739177,14018859775,2727972743,80141917,793421,80719729,2826988946,10408,18431,14738609575,13929845212,208509452,2563158578,2204784317,134575598,7495492,74559916,391062400,129597578,13324297729,36098184,2674935490,779555,2124933182,N/A,3.9734
/home/fyquah/fyp/prod/rundir/2018-06-13T20_40_55.401673Z/opt_data/2/0/execution_stats.sexp,192.168.0.11,50,795,0,202022418,72745041,72745041,18664448,18664448,17513897,1150389,1140672,162,3502879,27,2843239365,82403660,2843239365,82403660,635773,82531942,2867351445,8290,17985,14804954322,14152031938,2794483591,82807050,824170,82032116,2844975420,8631,24028,14739059058,14026209908,208745256,2618933364,2352302848,135479944,7031546,75226702,389594502,129005990,13026687547,35337222,2582190530,765366,2185396406,N/A,3.9429
/home/fyquah/fyp/prod/rundir/2018-06-13T20_40_57.713063Z/opt_data/initial/0/execution_stats.sexp,192.168.0.12,50,795,0,202022418,72745026,72745026,18664448,18664448,17513882,1150399,1140682,167,3502876,27,2852539215,82436075,2852539215,82436075,686954,82171094,2869410971,9636,27238,14834847623,14197350439,2788510980,81451086,878855,81875675,2845917478,10830,26652,14732295777,13996006344,209333450,2585476749,2292113436,136454903,7092352,74881998,390543360,129692533,13286610310,35907436,2616665380,810336,2140092490,N/A,3.9524
/home/fyquah/fyp/prod/rundir/2018-06-13T20_40_57.713063Z/opt_data/initial/1/execution_stats.sexp,192.168.0.12,50,795,0,202022418,72745026,72745026,18664448,18664448,17513882,1150399,1140682,167,3502876,27,2869066896,82761154,2869066896,82761154,722305,82246463,2849506885,9066,26147,14809159823,14234254557,2812524898,80004364,862068,81296840,2833245976,10791,27602,14738013039,13959666060,209347436,2570340440,2273875052,135529406,7165946,73878304,390890548,130271748,13291466190,35973150,2605046862,845178,2160378598,N/A,3.9538
/home/fyquah/fyp/prod/rundir/2018-06-13T20_40_57.713063Z/opt_data/0/0/execution_stats.sexp,192.168.0.12,50,795,0,202022421,72745616,72745616,18664448,18664448,17513892,1150397,1140667,159,3502878,27,2854432736,82139880,2854432736,82139880,615041,83106106,2863519268,6978,19584,14913728581,14011170114,2686667732,81109040,780614,80871564,2836239922,7839,24702,14740509668,13913847222,208467131,2551209212,2254367410,134301340,7271972,75690146,391078218,129070876,13324815528,35847182,2678745522,805693,2143601202,N/A,3.9699
/home/fyquah/fyp/prod/rundir/2018-06-13T20_40_57.713063Z/opt_data/1/0/execution_stats.sexp,192.168.0.12,50,795,0,202022421,72745616,72745616,18664448,18664448,17513892,1150397,1140667,159,3502878,27,2867164873,82680742,2867164873,82680742,647618,83122858,2848333042,10532,16437,14900382798,14072031305,2717219296,80794586,802924,81192688,2837727358,9242,18746,14739369080,13938540360,206188500,2565417436,2246294130,133796946,7400639,73439036,391042169,128355783,13318561108,35858966,2661093468,752655,2071727054,N/A,3.9589
/home/fyquah/fyp/prod/rundir/2018-06-13T20_40_57.713063Z/opt_data/2/0/execution_stats.sexp,192.168.0.12,50,795,0,202022421,72745616,72745616,18664448,18664448,17513892,1150397,1140667,159,3502878,27,2866609168,83053445,2866609168,83053445,626784,82173056,2846889169,7464,20425,14701689630,14208221271,2818269601,81290476,790472,81518950,2853079582,6931,16726,14738701901,13978540402,208929305,2598553333,2293826682,135611216,7315124,73179873,390528205,129685101,13279351409,35918467,2569935421,814497,2180763896,N/A,3.9503
/home/fyquah/fyp/prod/rundir/2018-06-13T20_58_08.238367Z/opt_data/initial/0/execution_stats.sexp,192.168.0.10,50,795,0,202022418,72745026,72745026,18664448,18664448,17513882,1150399,1140682,167,3502876,27,2834557905,82105499,2834557905,82105499,686744,83050003,2885756753,11268,29691,14765360719,14079833708,2774833524,80820178,847424,81946901,2851202100,9497,28215,14725291112,13900726105,208667918,2557912872,2255859379,135894602,7238364,74696968,390603370,130168205,13282049762,35837072,2626708752,820909,2149909234,N/A,3.9558
/home/fyquah/fyp/prod/rundir/2018-06-13T20_58_08.238367Z/opt_data/initial/1/execution_stats.sexp,192.168.0.10,50,795,0,202022418,72745026,72745026,18664448,18664448,17513882,1150399,1140682,167,3502876,27,2851300904,82436315,2851300904,82436315,695178,82308338,2871440294,9963,26565,14834360391,14197002937,2806229270,81185626,866014,81873708,2851868920,12286,24697,14738800471,13956497312,208777456,2580934612,2278592475,136309844,7227806,73960874,390784466,130148096,13288506342,36055722,2598456898,822670,2152235824,N/A,3.9529
/home/fyquah/fyp/prod/rundir/2018-06-13T20_58_08.238367Z/opt_data/0/0/execution_stats.sexp,192.168.0.10,50,795,0,202022421,72745616,72745616,18664448,18664448,17513892,1150397,1140667,159,3502878,27,2876198655,83043894,2876198655,83043894,634253,82592876,2838868233,10611,30120,14904412344,14228221657,2784162320,79513376,780586,80189192,2789471736,13251,29315,14731833374,13955115822,208290749,2559559612,2154832152,133320292,7365689,75148702,391069918,129847179,13324296273,35876140,2687511856,854962,2200964566,N/A,3.9714
/home/fyquah/fyp/prod/rundir/2018-06-13T20_58_08.238367Z/opt_data/1/0/execution_stats.sexp,192.168.0.10,50,795,0,202022421,72745616,72745616,18664448,18664448,17513892,1150397,1140667,159,3502878,27,2870866000,82405056,2870866000,82405056,614469,82543180,2839074599,8007,21759,14797876340,14111779375,2755290926,80468913,794573,80862988,2837272162,9280,21166,14737971200,13951310888,206346074,2562538044,2244113841,133017328,7103132,72940865,391061890,127772692,13313376211,35878506,2648346056,772827,2081238988,N/A,3.9573
/home/fyquah/fyp/prod/rundir/2018-06-13T20_58_08.238367Z/opt_data/2/0/execution_stats.sexp,192.168.0.10,50,795,0,202022421,72745801,72745801,18664448,18664448,17514077,1150221,1140537,150,3502915,27,2864501119,82819948,2864501119,82819948,640815,82629135,2853779938,8851,33314,14925039567,14172807384,2777644277,82685795,814021,82341072,2827955408,13371,34962,14733785644,13923179510,208203878,2555259146,2196961140,135110384,7244620,75874281,390909174,129590069,13318528098,35722156,2675498932,794974,2168044146,N/A,3.9698
/home/fyquah/fyp/prod/rundir/2018-06-13T20_58_10.603210Z/opt_data/initial/0/execution_stats.sexp,192.168.0.11,50,795,0,202022418,72745026,72745026,18664448,18664448,17513882,1150399,1140682,167,3502876,27,2867575903,82848783,2867575903,82848783,714171,82177943,2851998491,9360,23437,14822448432,14234092435,2795988880,81133934,917615,81963697,2856627118,16132,32562,14737384070,13947686156,209210581,2588899224,2288539821,136304033,7147280,74366806,390689650,130447992,13284816080,36085596,2610090528,815097,2148526268,N/A,3.9538
/home/fyquah/fyp/prod/rundir/2018-06-13T20_58_10.603210Z/opt_data/initial/1/execution_stats.sexp,192.168.0.11,50,795,0,202022418,72745026,72745026,18664448,18664448,17513882,1150399,1140682,167,3502876,27,2851251963,82167030,2851251963,82167030,691038,82397433,2864715138,9382,26568,14818077616,14169137698,2764240118,80598400,875208,81167278,2846467223,32689,28235,14695654466,14040080008,209206622,2600257329,2238836884,136782676,7272798,75759419,390518817,131139983,13292213325,35909540,2646734706,827404,2176075676,N/A,3.9494
/home/fyquah/fyp/prod/rundir/2018-06-13T20_58_12.895713Z/opt_data/initial/0/execution_stats.sexp,192.168.0.12,50,795,0,202022418,72745026,72745026,18664448,18664448,17513882,1150399,1140682,167,3502876,27,2881930236,83699825,2881930236,83699825,716799,82862628,2827167401,9795,22625,14774191658,14167104850,2783497126,80296806,861477,81391613,2840246142,40989,27940,14737631346,13955900238,209110811,2570656029,2265006228,136311754,7085690,74955402,391027366,130135528,13304347491,35827678,2632861996,818549,2127754498,N/A,3.9529
/home/fyquah/fyp/prod/rundir/2018-06-13T20_58_12.895713Z/opt_data/initial/1/execution_stats.sexp,192.168.0.12,50,795,0,202022418,72745026,72745026,18664448,18664448,17513882,1150399,1140682,167,3502876,27,2877641253,83008026,2877641253,83008026,734505,82484984,2836691956,9739,23457,14780014077,14247090034,2778875576,80937852,849765,81230295,2838943846,8974,32613,14696750183,14066407412,208924270,2599349000,2254903954,136511908,7219378,75607530,390823082,130678680,13302303465,35883062,2637144027,830404,2183964771,N/A,3.9549
/home/fyquah/fyp/prod/rundir/2018-06-13T21_17_28.367844Z/opt_data/initial/0/execution_stats.sexp,192.168.0.10,50,795,0,202022418,72745026,72745026,18664448,18664448,17513882,1150399,1140682,167,3502876,27,2872887674,82971392,2872887674,82971392,759005,82477735,2842793095,12784,24801,14799075881,14271923204,2769383201,82312372,853670,81662104,2808145562,10229,29120,14698947008,14071320265,209116924,2596882046,2170026822,135900049,6798413,79224636,390879970,131727738,13318067274,35369668,2710609120,868321,2176296204,N/A,3.9529
/home/fyquah/fyp/prod/rundir/2018-06-13T21_17_28.367844Z/opt_data/initial/1/execution_stats.sexp,192.168.0.10,50,795,0,202022418,72745026,72745026,18664448,18664448,17513882,1150399,1140682,167,3502876,27,2854000106,82679074,2854000106,82679074,722828,83190487,2861331859,30126,23524,14708094144,14088212725,2821575460,80790056,847390,81438480,2846207655,10848,22296,14740833604,13988041092,208961480,2581754577,2279397841,136074282,7332758,73793212,390925217,130364620,13292899468,35968752,2594929086,825778,2150979538,N/A,3.9569
/home/fyquah/fyp/prod/rundir/2018-06-13T21_17_28.367844Z/opt_data/0/0/execution_stats.sexp,192.168.0.10,50,795,0,202022421,72745616,72745616,18664448,18664448,17513892,1150397,1140667,159,3502878,27,2861854616,82585250,2861854616,82585250,610068,82784939,2854631866,13933,25976,14828448038,14168406124,2757704106,78487784,786950,80053992,2820486112,8950,30169,14746827806,13999867283,208897610,2559380762,2124890154,132986874,7315080,75199257,391296636,129902182,13332191219,35909248,2696052600,862386,2167225539,N/A,3.9698
/home/fyquah/fyp/prod/rundir/2018-06-13T21_17_28.367844Z/opt_data/1/0/execution_stats.sexp,192.168.0.10,50,795,0,202022421,72745616,72745616,18664448,18664448,17513892,1150397,1140667,159,3502878,27,2852548216,82385174,2852548216,82385174,618052,83085933,2857934633,7131,23548,14851507858,14004887746,2806223258,80701860,778562,81493444,2841000689,7758,19092,14738776036,13947779192,206170658,2561848216,2289912949,134405360,7545675,73903408,391043402,127897068,13296464328,36015588,2631819306,768962,2098296844,N/A,3.9543
/home/fyquah/fyp/prod/rundir/2018-06-13T21_17_28.367844Z/opt_data/2/0/execution_stats.sexp,192.168.0.10,50,795,0,202022421,72745616,72745616,18664448,18664448,17513892,1150397,1140667,159,3502878,27,2874441948,82792616,2874441948,82792616,622528,82472946,2831814206,9206,21839,14881149969,14174588942,2682890551,81343570,774182,81394534,2835759226,8621,21666,14738603416,13915793736,208593134,2555500498,2242824422,134821681,7348571,75320489,391046148,130107429,13324280070,35815548,2678805230,773645,2057864578,N/A,3.9679
/home/fyquah/fyp/prod/rundir/2018-06-13T21_17_30.693240Z/opt_data/initial/0/execution_stats.sexp,192.168.0.11,50,795,0,202022418,72745026,72745026,18664448,18664448,17513882,1150399,1140682,167,3502876,27,2864167839,82700144,2864167839,82700144,703742,82322897,2855150282,9865,32523,14797248045,14237718513,2770930283,80406990,844314,81394000,2853087763,33572,23196,14730718538,13970063873,208938833,2569542406,2247508780,136036458,7191196,74846531,390673528,129837812,13292691978,35778815,2641994128,812890,2132114690,N/A,3.9509
/home/fyquah/fyp/prod/rundir/2018-06-13T21_17_30.693240Z/opt_data/initial/1/execution_stats.sexp,192.168.0.11,50,795,0,202022418,72745026,72745026,18664448,18664448,17513882,1150399,1140682,167,3502876,27,2863527864,82810105,2863527864,82810105,721744,82404663,2856476510,9771,29999,14795766443,14245019010,2770190475,80990820,858360,82188929,2853628948,12936,26587,14729637392,13882024942,209015568,2558423256,2254472014,136402134,7344814,75097024,390647488,130346766,13283142646,35948081,2627800954,812897,2151265596,N/A,3.9499
/home/fyquah/fyp/prod/rundir/2018-06-13T21_17_30.693240Z/opt_data/0/0/execution_stats.sexp,192.168.0.11,50,795,0,202022421,72745616,72745616,18664448,18664448,17513892,1150397,1140667,159,3502878,27,2862361715,83086417,2862361715,83086417,634679,82650498,2846484123,33097,30332,14894536469,14155827300,2694574675,80710366,782714,80808528,2832923928,8907,25839,14738142628,13914379884,208619010,2556843132,2221491905,134435500,7294226,75315164,391071086,129157653,13324739082,35829688,2684171862,782254,2121643008,N/A,3.9703
/home/fyquah/fyp/prod/rundir/2018-06-13T21_17_30.693240Z/opt_data/1/0/execution_stats.sexp,192.168.0.11,50,795,0,202022421,72745616,72745616,18664448,18664448,17513892,1150399,1140672,157,3502878,27,2865189287,82948610,2865189287,82948610,623463,83492352,2850291083,7271,18438,14881056114,14053452426,2734697312,81236307,808657,81576964,2847823269,9532,20689,14730877722,13937280856,206369468,2560624952,2236128861,133464516,7623672,73824664,390868480,128209409,13308426937,35802888,2665088606,750906,2080359195,N/A,3.9629
/home/fyquah/fyp/prod/rundir/2018-06-13T21_17_30.693240Z/opt_data/2/0/execution_stats.sexp,192.168.0.11,50,795,0,202022421,72745616,72745616,18664448,18664448,17513892,1150399,1140672,157,3502878,27,2860977669,82143007,2860977669,82143007,628399,82207778,2850263538,11046,28150,14792261094,14196243029,2822948246,81803978,779877,82232750,2833281955,10072,23211,14696223220,13960031953,207581172,2585639847,2287395317,134605753,7136782,74302078,389976086,129160507,13149534210,35506346,2585998255,801414,2209383152,N/A,3.9368
/home/fyquah/fyp/prod/rundir/2018-06-13T21_17_32.999555Z/opt_data/initial/0/execution_stats.sexp,192.168.0.12,50,795,0,202022418,72745026,72745026,18664448,18664448,17513882,1150399,1140682,167,3502876,27,2872443019,83095085,2872443019,83095085,711803,83199939,2838872119,8262,20966,14813688006,14133694998,2794849589,81091402,843154,81658696,2847608507,11978,25970,14740064672,13978542046,209091116,2579479699,2293243833,135191144,7354647,74595328,390935554,130095988,13295821561,35930838,2611424702,828660,2138312104,N/A,3.9489
/home/fyquah/fyp/prod/rundir/2018-06-13T21_17_32.999555Z/opt_data/initial/1/execution_stats.sexp,192.168.0.12,50,795,0,202022418,72745026,72745026,18664448,18664448,17513882,1150399,1140682,167,3502876,27,2866336161,82600929,2866336161,82600929,723743,82147137,2852741675,12118,29137,14807256398,14215123281,2810644088,80782213,867698,81448774,2843487748,20909,22150,14735976537,13968119928,208901139,2580620581,2285934600,135740055,7175516,73677870,390953290,129998618,13293667331,35943300,2597604054,812183,2159111496,N/A,3.9549
/home/fyquah/fyp/prod/rundir/2018-06-13T21_17_32.999555Z/opt_data/0/0/execution_stats.sexp,192.168.0.12,50,795,0,202022421,72745616,72745616,18664448,18664448,17513892,1150397,1140667,159,3502878,27,2857703310,82200759,2857703310,82200759,629335,82855382,2860461776,7800,26073,14908716921,14036831113,2762138114,79097902,806590,80148527,2815201022,12105,30404,14741161035,13944812498,208203905,2559738214,2151017453,133383778,7284739,74716224,391130094,129555307,13326597645,35928102,2684793756,826140,2168570292,N/A,3.9753
/home/fyquah/fyp/prod/rundir/2018-06-13T21_17_32.999555Z/opt_data/1/0/execution_stats.sexp,192.168.0.12,50,795,0,202022418,72745067,72745067,18664448,18664448,17513887,1150413,1140657,148,3502877,27,2880784561,83032561,2880784561,83032561,612753,82370434,2831484116,7885,25012,14833298382,14244758567,2735221534,81057305,778138,81386872,2837846364,9960,21352,14739255476,13956457471,206322630,2558576640,2235683052,133883747,7447138,73312050,391049302,127989447,13315465752,35969860,2652232722,773738,2084785381,N/A,3.9633
/home/fyquah/fyp/prod/rundir/2018-06-13T21_17_32.999555Z/opt_data/2/0/execution_stats.sexp,192.168.0.12,50,795,0,202022418,72745067,72745067,18664448,18664448,17513887,1150408,1140657,153,3502877,27,2851855348,82311692,2851855348,82311692,594616,82050128,2868646720,6836,17900,14819026718,14216636830,2808811420,81047356,780706,81252054,2851276310,10178,21626,14739537703,13999749063,208821298,2597081296,2277062950,135828766,7305006,73505306,390718659,130074906,13285720657,35680838,2588333328,815556,2145702329,N/A,3.9478
/home/fyquah/fyp/prod/rundir/2018-06-13T21_36_38.354210Z/opt_data/initial/0/execution_stats.sexp,192.168.0.10,50,795,0,202022418,72745026,72745026,18664448,18664448,17513882,1150399,1140682,167,3502876,27,2873035719,82934947,2873035719,82934947,734354,82595779,2840872426,15380,21665,14810820240,14246387168,2809419866,81294893,834516,81814714,2851333670,9575,30116,14740826432,13983382366,209471642,2596654847,2276992175,135804576,7333719,73521994,390726544,129912117,13286060627,36220712,2591039133,832002,2143070039,N/A,3.9539
/home/fyquah/fyp/prod/rundir/2018-06-13T21_36_38.354210Z/opt_data/initial/1/execution_stats.sexp,192.168.0.10,50,795,0,202022418,72745026,72745026,18664448,18664448,17513882,1150399,1140682,167,3502876,27,2877399950,83119083,2877399950,83119083,704406,83189214,2832834792,10871,23895,14784509667,14111937998,2813381810,81294104,866527,81684486,2852393547,12214,23082,14737867622,13970508762,208843030,2587994364,2274828296,136155118,7384334,73803082,390831378,129986120,13290398042,35970817,2589781643,819714,2156660396,N/A,3.9429
/home/fyquah/fyp/prod/rundir/2018-06-13T21_36_40.652800Z/opt_data/initial/0/execution_stats.sexp,192.168.0.11,50,795,0,202022418,72745026,72745026,18664448,18664448,17513882,1150399,1140682,167,3502876,27,2866028127,82546919,2866028127,82546919,705937,82147515,2853373607,8597,26841,14810817504,14228624507,2814767246,80411562,883833,81553558,2838835559,10854,25870,14738749319,13991758975,209654080,2585060674,2285589414,136147498,7254678,74014946,390496890,130255554,13278177872,36079368,2584960810,812614,2160673140,N/A,3.9504
/home/fyquah/fyp/prod/rundir/2018-06-13T21_36_40.652800Z/opt_data/initial/1/execution_stats.sexp,192.168.0.11,50,795,0,202022418,72745026,72745026,18664448,18664448,17513882,1150399,1140682,167,3502876,27,2861896962,82690658,2861896962,82690658,703801,82119425,2857657452,11659,27892,14811389778,14221807221,2793581986,81141773,877930,81986487,2854816081,32174,24420,14738296602,13956032222,209460642,2586523776,2276097830,136122464,7418881,73633040,390437843,130179453,13276402588,36211524,2592573562,808997,2165355274,N/A,3.9494
/home/fyquah/fyp/prod/rundir/2018-06-13T21_36_42.967219Z/opt_data/initial/0/execution_stats.sexp,192.168.0.12,50,795,0,202022418,72745026,72745026,18664448,18664448,17513882,1150399,1140682,167,3502876,27,2851278832,82398448,2851278832,82398448,688838,82331964,2871656232,9825,31243,14835611156,14190675908,2813573306,80702244,851612,81394650,2847902248,8900,26251,14738891719,13978219668,209238858,2589384364,2267581810,135548434,7254022,73530864,390808165,129947904,13288629458,36048390,2596045466,851546,2153338942,N/A,3.9553
/home/fyquah/fyp/prod/rundir/2018-06-13T21_36_42.967219Z/opt_data/initial/1/execution_stats.sexp,192.168.0.12,50,795,0,202022418,72745026,72745026,18664448,18664448,17513882,1150399,1140682,167,3502876,27,2870263287,82978785,2870263287,82978785,742924,82721776,2844632032,14922,25448,14792374659,14236671771,2795562984,80483752,861820,81580455,2847623918,14291,29872,14729376555,13936091610,208851475,2569625460,2263399650,135707372,7352148,74155710,390714305,130027316,13285502166,35821673,2614437135,822204,2148970157,N/A,3.9509
/home/fyquah/fyp/prod/rundir/2018-06-13T21_56_05.493404Z/opt_data/initial/0/execution_stats.sexp,192.168.0.10,50,795,0,202022418,72745026,72745026,18664448,18664448,17513882,1150399,1140682,167,3502876,27,2872952537,82893841,2872952537,82893841,713983,82697556,2840025060,8807,25071,14790810638,14208458817,2797967226,79820962,852640,81321036,2836572580,10080,30934,14740098590,13948474520,209071808,2569620173,2266511555,135949796,7272896,74106431,390893520,130266623,13291661328,35985448,2611965820,827913,2157497044,N/A,3.9584
/home/fyquah/fyp/prod/rundir/2018-06-13T21_56_05.493404Z/opt_data/initial/1/execution_stats.sexp,192.168.0.10,50,795,0,202022418,72745026,72745026,18664448,18664448,17513882,1150399,1140682,167,3502876,27,2871760488,82996878,2871760488,82996878,730552,82551968,2843615865,8926,22627,14796368059,14268499407,2794898138,80745832,832684,81451195,2848055190,9690,27116,14708360190,13970103536,208716674,2567270606,2254730784,136040928,7190839,74912194,390711988,130122864,13290517996,35800062,2640042356,818904,2160926656,N/A,3.9549
/home/fyquah/fyp/prod/rundir/2018-06-13T21_56_07.840756Z/opt_data/initial/0/execution_stats.sexp,192.168.0.11,50,795,0,202022418,72745026,72745026,18664448,18664448,17513882,1150399,1140682,167,3502876,27,2852491028,82236482,2852491028,82236482,674073,82410103,2868644888,12491,27875,14828680400,14088491156,2796848100,80965254,845754,81793804,2849247320,11200,34739,14737318615,13946162353,209309206,2575529856,2277342249,135487278,7273744,74664631,390898136,130289632,13293408676,35982653,2618303996,822884,2138392884,N/A,3.9489
/home/fyquah/fyp/prod/rundir/2018-06-13T21_56_07.840756Z/opt_data/initial/1/execution_stats.sexp,192.168.0.11,50,795,0,202022418,72745026,72745026,18664448,18664448,17513882,1150399,1140682,167,3502876,27,2846186888,82412904,2846186888,82412904,698625,82668353,2872321857,10665,27697,14826934692,14149814858,2771215530,81059579,861050,82096471,2848642052,10845,24002,14732037408,13896128772,209143184,2568777524,2251125930,136093107,7399566,74419606,390499122,129987523,13278021514,35995220,2619761496,808506,2157072728,N/A,3.9499
/home/fyquah/fyp/prod/rundir/2018-06-13T21_56_07.840756Z/opt_data/0/0/execution_stats.sexp,192.168.0.11,50,795,0,202022421,72745616,72745616,18664448,18664448,17513892,1150397,1140667,159,3502878,27,2845896811,81510631,2845896811,81510631,629223,82679950,2874812197,10032,24776,14792884693,14038747307,2729906749,78697957,787579,80083296,2821673760,8923,24050,14738770865,13996327238,208732590,2565163148,2143752718,133696320,7305874,75174654,391030996,129451164,13323400309,35778098,2700648719,810496,2152398070,N/A,3.9704
/home/fyquah/fyp/prod/rundir/2018-06-13T21_56_07.840756Z/opt_data/1/0/execution_stats.sexp,192.168.0.11,50,795,0,202022421,72745616,72745616,18664448,18664448,17513892,1150397,1140667,159,3502878,27,2881074120,82854013,2881074120,82854013,622263,82530177,2831134918,7867,22703,14797511909,14185630967,2754513783,80691256,805306,81197887,2844057682,38694,19154,14712493076,13950722891,206571581,2558576057,2217493346,134176458,7246862,74481938,390657787,128769793,13286964876,36035293,2665591885,780564,2107171950,N/A,3.9479
/home/fyquah/fyp/prod/rundir/2018-06-13T21_56_07.840756Z/opt_data/2/0/execution_stats.sexp,192.168.0.11,50,795,0,202022421,72745616,72745616,18664448,18664448,17513892,1150397,1140667,159,3502878,27,2865116928,82127710,2865116928,82127710,626374,81940469,2851020592,8086,12261,14794433359,14243552706,2827322999,82691523,798444,82307552,2845862718,9654,14942,14724574982,13995024250,209613568,2602392419,2322981562,136225240,7294897,74186752,390186178,129814432,13267950686,36245627,2574460054,802552,2179334118,N/A,3.9449
/home/fyquah/fyp/prod/rundir/2018-06-13T21_56_10.147787Z/opt_data/initial/0/execution_stats.sexp,192.168.0.12,50,795,0,202022418,72745026,72745026,18664448,18664448,17513882,1150399,1140682,167,3502876,27,2864134354,82733503,2864134354,82733503,715580,82354313,2856656800,9312,24277,14810061767,14215314289,2813555131,81014222,852220,81679453,2836394612,11778,25417,14725145112,13929985400,208870554,2566791346,2261530231,135973500,7096090,74774820,390996524,129926726,13299440184,35794578,2623405772,841020,2147917901,N/A,3.9524
/home/fyquah/fyp/prod/rundir/2018-06-13T21_56_10.147787Z/opt_data/initial/1/execution_stats.sexp,192.168.0.12,50,795,0,202022418,72745026,72745026,18664448,18664448,17513882,1150399,1140682,167,3502876,27,2864200508,82863994,2864200508,82863994,718136,82171061,2855117783,10187,25123,14818066104,14224102844,2791784488,81132754,865475,81773042,2842078702,10529,23610,14737219578,13978993742,209277802,2582414540,2279727476,136120630,7299301,74867102,390846394,129705062,13296821581,35881446,2615679740,819572,2129811934,N/A,3.9539
/home/fyquah/fyp/prod/rundir/2018-06-13T21_56_10.147787Z/opt_data/0/0/execution_stats.sexp,192.168.0.12,50,795,0,202022421,72745616,72745616,18664448,18664448,17513892,1150397,1140667,159,3502878,27,2848980165,82675697,2848980165,82675697,622612,83302018,2869546271,10259,26341,14906243874,14037139984,2682573224,80503098,799304,80680922,2833442960,67666,26006,14740055952,13919119930,208572276,2553665384,2222876644,134409860,7176883,75511094,391109356,129264848,13325858828,35822880,2687860069,791906,2134135228,N/A,3.9739
/home/fyquah/fyp/prod/rundir/2018-06-13T21_56_10.147787Z/opt_data/1/0/execution_stats.sexp,192.168.0.12,50,795,0,202022421,72745616,72745616,18664448,18664448,17513892,1150397,1140667,159,3502878,27,2868505849,82813548,2868505849,82813548,606390,82741227,2840408338,7520,20422,14857331317,14100525723,2769345258,80647202,775074,81182942,2844447788,6788,22283,14740796690,13954840846,206425592,2557833208,2253678615,133743616,7512344,73512879,390977265,128071475,13297074727,36010052,2630048720,781318,2125639388,N/A,3.9573
/home/fyquah/fyp/prod/rundir/2018-06-13T21_56_10.147787Z/opt_data/2/0/execution_stats.sexp,192.168.0.12,50,795,0,202022421,72745616,72745616,18664448,18664448,17513892,1150397,1140667,159,3502878,27,2879992163,82879358,2879992163,82879358,617388,82490338,2833601905,7639,19064,14810126380,14221241558,2768748195,81427375,814436,81537498,2842927211,7536,18218,14737670166,13950829486,206516106,2564802574,2253081058,133429788,7224456,73324206,390905815,128099953,13298366465,36145576,2637236036,807072,2103862680,N/A,3.9633
/home/fyquah/fyp/prod/rundir/2018-06-13T22_14_47.262805Z/opt_data/initial/0/execution_stats.sexp,192.168.0.10,50,795,0,202022418,72745026,72745026,18664448,18664448,17513882,1150399,1140682,167,3502876,27,2871311118,83045403,2871311118,83045403,719236,82422568,2846091868,12199,25749,14809535223,14248398962,2788831671,79931176,842954,81268622,2833798841,8794,23234,14739595196,13937845626,209046060,2563137162,2259359913,135814070,7343618,74654862,391013600,130041838,13306553924,35798690,2628082410,827886,2129410782,N/A,3.9543
/home/fyquah/fyp/prod/rundir/2018-06-13T22_14_47.262805Z/opt_data/initial/1/execution_stats.sexp,192.168.0.10,50,795,0,202022418,72745026,72745026,18664448,18664448,17513882,1150399,1140682,167,3502876,27,2873063955,82926708,2873063955,82926708,731707,82378736,2842748914,11091,27701,14792618612,14271498040,2744932794,81145810,848472,81377366,2832211094,9564,27934,14690410967,13970468055,208841837,2575908564,2230234986,136278159,7079278,77135420,390856420,130968275,13304141516,35605988,2670760199,846829,2193478653,N/A,3.9539
/home/fyquah/fyp/prod/rundir/2018-06-13T22_14_47.262805Z/opt_data/0/0/execution_stats.sexp,192.168.0.10,50,795,0,202022421,72745616,72745616,18664448,18664448,17513892,1150397,1140667,159,3502878,27,2835756943,82353844,2835756943,82353844,616014,82791677,2883660392,8765,25383,14919875288,14049482776,2690663157,80233632,795628,80639460,2833010521,10542,26206,14739994254,13928076113,208567578,2559225474,2207616811,134387036,7306442,75333290,391081928,129119444,13325284747,35835654,2688225014,799909,2139826646,N/A,3.9684
/home/fyquah/fyp/prod/rundir/2018-06-13T22_14_47.262805Z/opt_data/1/0/execution_stats.sexp,192.168.0.10,50,795,0,202022421,72745616,72745616,18664448,18664448,17513892,1150397,1140667,159,3502878,27,2867100123,82931677,2867100123,82931677,616607,83550994,2850029295,8240,25991,14867567097,14066671187,2744152671,80884630,791983,81238424,2840407476,7956,19516,14741019018,13953651410,206312166,2561489248,2236474339,133128492,7267548,73051940,391089478,127949708,13312869990,36022862,2653460124,761956,2074549073,N/A,3.9609
/home/fyquah/fyp/prod/rundir/2018-06-13T22_14_47.262805Z/opt_data/2/0/execution_stats.sexp,192.168.0.10,50,795,0,202022421,72745616,72745616,18664448,18664448,17513892,1150397,1140667,159,3502878,27,2846040910,81896481,2846040910,81896481,620814,81992517,2871562108,8250,17270,14779145356,14189257691,2830872659,83166772,799630,82603198,2837718663,7802,16720,14740452162,13946926517,208895010,2629704764,2371822596,135418760,6932616,73093352,382352789,126549660,13028336238,35274501,2552382562,789697,2224777704,N/A,3.9359
/home/fyquah/fyp/prod/rundir/2018-06-13T22_14_49.628484Z/opt_data/initial/0/execution_stats.sexp,192.168.0.11,50,795,0,202022418,72745026,72745026,18664448,18664448,17513882,1150399,1140682,167,3502876,27,2860036246,82385371,2860036246,82385371,691034,82134392,2860079872,8400,24510,14808193501,14225772435,2796251848,80897860,844454,81852592,2847345788,10022,28864,14731270018,13922906150,209285350,2565495786,2272115438,135962077,7383209,74006306,390465554,130082984,13277533033,36034478,2598340722,823274,2163275374,N/A,3.9529
/home/fyquah/fyp/prod/rundir/2018-06-13T22_14_49.628484Z/opt_data/initial/1/execution_stats.sexp,192.168.0.11,50,795,0,202022418,72745026,72745026,18664448,18664448,17513882,1150399,1140682,167,3502876,27,2865293531,82596876,2865293531,82596876,714422,82384558,2854993789,22608,36053,14793320568,14237395007,2813013369,82085752,881752,82139511,2847909754,9145,28390,14737820692,14013793516,209922466,2601624974,2304686254,135748774,7293146,73851450,390325115,129981284,13272642814,36213078,2567864667,803881,2151504886,N/A,3.9489
/home/fyquah/fyp/prod/rundir/2018-06-13T22_14_49.628484Z/opt_data/0/0/execution_stats.sexp,192.168.0.11,50,795,0,202022421,72745616,72745616,18664448,18664448,17513892,1150397,1140667,159,3502878,27,2854955904,82662189,2854955904,82662189,623747,83059332,2863269670,7601,27548,14879894594,14063052194,2693451362,81124212,793982,80903738,2835236157,13473,25706,14737807856,13922039566,208496702,2551144162,2220423532,134476734,7160654,75549453,391030702,129173924,13323645906,35864034,2686545608,786759,2119248230,N/A,3.9708
/home/fyquah/fyp/prod/rundir/2018-06-13T22_14_49.628484Z/opt_data/1/0/execution_stats.sexp,192.168.0.11,50,795,0,202022421,72745616,72745616,18664448,18664448,17513892,1150397,1140667,159,3502878,27,2881403387,82693273,2881403387,82693273,621250,82414086,2830582690,8590,20757,14795450909,14174898677,2766571914,80371338,773400,81509046,2841092378,7120,16376,14739660077,13947061079,206442947,2556968516,2269148756,134699246,7200296,74046890,390913672,127787696,13292121974,35983004,2637682977,773530,2106466812,N/A,3.9509
/home/fyquah/fyp/prod/rundir/2018-06-13T22_14_49.628484Z/opt_data/2/0/execution_stats.sexp,192.168.0.11,50,795,0,202022418,72745067,72745067,18664448,18664448,17513887,1150413,1140657,148,3502877,27,2867305797,83074049,2867305797,83074049,622964,83123026,2844271552,8402,18859,14798246453,14083211160,2787625524,81298382,806812,81685932,2841018000,8376,17332,14724818602,13951390954,206194266,2576285300,2273292589,134093148,7435906,72809110,390386462,128156355,13280818792,36137996,2615915720,760894,2111275170,N/A,3.9499
/home/fyquah/fyp/prod/rundir/2018-06-13T22_14_51.959428Z/opt_data/initial/0/execution_stats.sexp,192.168.0.12,50,795,0,202022418,72745026,72745026,18664448,18664448,17513882,1150399,1140682,167,3502876,27,2852994429,82630340,2852994429,82630340,692363,82299283,2870141823,9196,30971,14836148332,14216084495,2814503932,80867836,846219,81503228,2849215052,9616,28431,14738694367,13997014344,209121572,2591182091,2273669175,135736064,7272072,73649179,390758439,129861854,13287790649,35976546,2594930038,834532,2156454566,N/A,3.9529
/home/fyquah/fyp/prod/rundir/2018-06-13T22_14_51.959428Z/opt_data/initial/1/execution_stats.sexp,192.168.0.12,50,795,0,202022418,72745026,72745026,18664448,18664448,17513882,1150399,1140682,167,3502876,27,2870665927,82925373,2870665927,82925373,745107,82331646,2847685326,10539,26119,14795915046,14258868791,2788724996,81113704,838363,81851669,2849251062,10158,25482,14732731984,13928453088,208897848,2566145600,2268506386,135212770,7322115,74809657,390800906,130300711,13291050296,35767038,2613722590,826448,2146971993,N/A,3.9524
/home/fyquah/fyp/prod/rundir/2018-06-13T22_14_51.959428Z/opt_data/0/0/execution_stats.sexp,192.168.0.12,50,795,0,202022421,72745616,72745616,18664448,18664448,17513892,1150397,1140667,159,3502878,27,2859353598,82234193,2859353598,82234193,626908,82876654,2858356783,8032,27789,14909545504,14034690797,2765118881,78941124,788910,80412234,2801033700,11740,24993,14734111608,14009058987,208018766,2566784964,2120214618,133276219,7387368,74492864,390889236,129943860,13317398407,35816154,2690265772,875187,2167085221,N/A,3.9719
/home/fyquah/fyp/prod/rundir/2018-06-13T22_14_51.959428Z/opt_data/1/0/execution_stats.sexp,192.168.0.12,50,795,0,202022421,72745616,72745616,18664448,18664448,17513892,1150397,1140667,159,3502878,27,2877332244,83270006,2877332244,83270006,607068,82651352,2828732260,7762,24804,14836087568,14188565266,2710293040,80374772,771653,80331166,2817901462,8332,20482,14731440288,14034424858,206283963,2581420003,2174507677,133136288,6943778,76137318,390896760,128972206,13318825281,35552695,2718229514,785456,2150401964,N/A,3.9613
/home/fyquah/fyp/prod/rundir/2018-06-13T22_14_51.959428Z/opt_data/2/0/execution_stats.sexp,192.168.0.12,50,795,0,202022421,72745616,72745616,18664448,18664448,17513892,1150397,1140667,159,3502878,27,2852374403,82270257,2852374403,82270257,611529,82942844,2854375827,8510,16321,14848869245,13999447093,2722449966,81059734,797166,81185475,2835208218,10112,23290,14740137256,13945410672,206124456,2559399826,2240850934,133677112,7501194,73648900,391054771,128329456,13318123642,35746396,2664765874,755221,2073446601,N/A,3.9619
/home/fyquah/fyp/prod/rundir/2018-06-13T22_32_07.116892Z/opt_data/initial/0/execution_stats.sexp,192.168.0.10,50,795,0,202022418,72745026,72745026,18664448,18664448,17513882,1150399,1140682,167,3502876,27,2853175273,82468099,2853175273,82468099,699736,82219410,2867414015,10641,29129,14833924127,14203887765,2823742736,80914504,853280,81331986,2850945044,10750,26006,14738409200,13994540822,208789202,2590758776,2283794876,135813596,7330920,73732496,390937063,129972714,13293170122,35811390,2595183988,830656,2148442109,N/A,3.9544
/home/fyquah/fyp/prod/rundir/2018-06-13T22_32_07.116892Z/opt_data/initial/1/execution_stats.sexp,192.168.0.10,50,795,0,202022418,72745026,72745026,18664448,18664448,17513882,1150399,1140682,167,3502876,27,2843596651,82165069,2843596651,82165069,690590,82189739,2874260129,10303,29360,14849414271,14147337109,2781826160,80259890,851434,81564968,2836921018,11097,24195,14740190362,13945143836,209198328,2569392795,2262268754,135632839,7326844,74509127,390959282,130197293,13296777574,35844333,2622667192,814928,2144005919,N/A,3.9573
/home/fyquah/fyp/prod/rundir/2018-06-13T22_32_09.407379Z/opt_data/initial/0/execution_stats.sexp,192.168.0.11,50,795,0,202022418,72745026,72745026,18664448,18664448,17513882,1150399,1140682,167,3502876,27,2875803981,82959160,2875803981,82959160,736192,82998963,2834132295,16027,25859,14850419189,14130622596,2803822296,80510210,921804,81825420,2857313400,11944,27022,14739040464,13970703476,209683662,2596444582,2282927730,136705084,7289645,73394268,390263716,130325714,13270639432,36294906,2583661998,805080,2158408146,N/A,3.9469
/home/fyquah/fyp/prod/rundir/2018-06-13T22_32_09.407379Z/opt_data/initial/1/execution_stats.sexp,192.168.0.11,50,795,0,202022418,72745026,72745026,18664448,18664448,17513882,1150399,1140682,167,3502876,27,2872260038,83052440,2872260038,83052440,714961,82505058,2845759071,8372,24179,14796911258,14260949274,2795518524,80748850,850781,81818850,2853422234,11794,29416,14730707267,13966256978,209598276,2585871961,2276442646,135994118,7453505,73804900,390359716,130022501,13273917152,36156848,2595547290,806028,2158587970,N/A,3.9499
/home/fyquah/fyp/prod/rundir/2018-06-13T22_32_09.407379Z/opt_data/0/0/execution_stats.sexp,192.168.0.11,50,795,0,202022421,72745616,72745616,18664448,18664448,17513892,1150397,1140667,159,3502878,27,2868697332,83074180,2868697332,83074180,627718,82909986,2840429859,8887,28745,14883685199,14147644979,2704722367,79992808,811577,80682909,2836011637,17730,26144,14747269300,13929359416,208823040,2562825414,2190714926,134917168,7222428,74970682,391302794,129655022,13332241304,35960320,2693015878,780779,2115202680,N/A,3.9689
/home/fyquah/fyp/prod/rundir/2018-06-13T22_32_09.407379Z/opt_data/1/0/execution_stats.sexp,192.168.0.11,50,795,0,202022418,72745026,72745026,18664448,18664448,17513882,1150399,1140682,167,3502876,27,2874992133,83421758,2874992133,83421758,636558,82992384,2827515782,10164,24396,14882409463,14187856972,2690162076,81524632,805465,81707055,2831556034,12094,21398,14738667202,13933530209,208235292,2558694440,2236183282,134941808,7409554,74483781,391011540,129515538,13323347610,36242802,2665111556,765686,2083874382,N/A,3.9624
/home/fyquah/fyp/prod/rundir/2018-06-13T22_32_09.407379Z/opt_data/2/0/execution_stats.sexp,192.168.0.11,50,795,0,202022418,72745026,72745026,18664448,18664448,17513882,1150399,1140682,167,3502876,27,2874509577,83098540,2874509577,83098540,627400,83156830,2835230085,9741,22904,14889280881,14205448755,2700623070,80949702,792153,81174455,2832757340,38468,21900,14736822886,13916041796,208133418,2551981001,2222736852,134284772,7201146,75453778,391050092,129236798,13324621538,36106596,2685858186,772501,2123937176,N/A,3.9669
/home/fyquah/fyp/prod/rundir/2018-06-13T22_32_11.701440Z/opt_data/initial/0/execution_stats.sexp,192.168.0.12,50,795,0,202022418,72745026,72745026,18664448,18664448,17513882,1150399,1140682,167,3502876,27,2869904609,83048394,2869904609,83048394,721930,82422125,2847649179,10712,30790,14798615031,14266775025,2797831446,81000871,865712,81545256,2839760580,98356,24191,14732096118,13978994163,208924596,2579869990,2282790820,136217654,7195530,75046644,390942598,129781897,13299138594,35846155,2620465122,810948,2131371573,N/A,3.9534
/home/fyquah/fyp/prod/rundir/2018-06-13T22_32_11.701440Z/opt_data/initial/1/execution_stats.sexp,192.168.0.12,50,795,0,202022418,72745026,72745026,18664448,18664448,17513882,1150399,1140682,167,3502876,27,2871327051,83211130,2871327051,83211130,732090,82633552,2846940466,11728,29310,14795362604,14261941377,2803747958,81212348,842796,81820845,2851103395,10774,24980,14739997483,13958087168,209056412,2585602868,2284285873,136076858,7292472,74588106,390899239,130219822,13292186836,35919340,2611959944,826633,2140534954,N/A,3.9554
/home/fyquah/fyp/prod/rundir/2018-06-13T22_51_02.111089Z/opt_data/initial/0/execution_stats.sexp,192.168.0.10,50,795,0,202022418,72745026,72745026,18664448,18664448,17513882,1150399,1140682,167,3502876,27,2871016425,82971702,2871016425,82971702,725051,82373557,2846000753,12775,26897,14796884160,14256591592,2747496200,80438166,847708,81121676,2839352110,8778,21614,14697594626,14015174428,208748916,2581208464,2222266790,136630006,7272757,76408773,390891354,130766770,13305146152,35698410,2662832158,830112,2166517658,N/A,3.9554
/home/fyquah/fyp/prod/rundir/2018-06-13T22_51_02.111089Z/opt_data/initial/1/execution_stats.sexp,192.168.0.10,50,795,0,202022418,72745026,72745026,18664448,18664448,17513882,1150399,1140682,167,3502876,27,2866676434,82838420,2866676434,82838420,726815,82124522,2853178802,9949,30377,14817180512,14236387254,2780132372,81369728,853730,81985759,2850311396,10956,25832,14732525125,13918837480,208668153,2564757501,2267943577,135681684,7335100,75336733,390856739,130094475,13294895612,35830995,2636690184,847112,2135878162,N/A,3.9504
/home/fyquah/fyp/prod/rundir/2018-06-13T22_51_04.473694Z/opt_data/initial/0/execution_stats.sexp,192.168.0.11,50,795,0,202022418,72745026,72745026,18664448,18664448,17513882,1150399,1140682,167,3502876,27,2862674660,82745358,2862674660,82745358,705413,82338279,2857319677,10189,26080,14796414674,14244425166,2786191096,81235503,874356,82036866,2853091876,9794,33378,14730529652,13937033160,209715594,2580636178,2257028399,136117006,7380206,73553324,390234738,130180845,13269507356,36108470,2605804407,821738,2159023318,N/A,3.9519
/home/fyquah/fyp/prod/rundir/2018-06-13T22_51_04.473694Z/opt_data/initial/1/execution_stats.sexp,192.168.0.11,50,795,0,202022418,72745026,72745026,18664448,18664448,17513882,1150399,1140682,167,3502876,27,2849738582,82440726,2849738582,82440726,682433,82610500,2872197920,10726,33176,14828831250,14087648362,2814172976,81363526,874299,81922332,2855663884,11881,26904,14737734762,14009311915,209638277,2605132956,2297159103,135986606,7305906,73531191,390453652,129759148,13276447654,36180247,2570698863,813045,2153629744,N/A,3.9558
/home/fyquah/fyp/prod/rundir/2018-06-13T22_51_06.780473Z/opt_data/initial/0/execution_stats.sexp,192.168.0.12,50,795,0,202022418,72745026,72745026,18664448,18664448,17513882,1150399,1140682,167,3502876,27,2859991190,83118771,2859991190,83118771,736096,82879540,2859550888,24997,26387,14694469386,14190876693,2817999008,80978280,845774,81448426,2845567938,10548,30325,14738845958,13951935568,208858998,2577388279,2260719775,135781321,7344110,74120158,391036706,130128992,13296440705,35704164,2610958805,847114,2152806109,N/A,3.9539
/home/fyquah/fyp/prod/rundir/2018-06-13T22_51_06.780473Z/opt_data/initial/1/execution_stats.sexp,192.168.0.12,50,795,0,202022418,72745026,72745026,18664448,18664448,17513882,1150399,1140682,167,3502876,27,2862120169,82643996,2862120169,82643996,720994,82346885,2856772219,12354,23644,14810381711,14220160998,2817882144,81859664,844453,81953742,2854157812,32825,27018,14736701598,13989110022,209135546,2597374451,2282705940,135725664,7368952,73452280,390662742,130010102,13284340392,36081776,2585465929,816918,2143661806,N/A,3.9554
/home/fyquah/fyp/prod/rundir/2018-06-13T22_51_06.780473Z/opt_data/0/0/execution_stats.sexp,192.168.0.12,50,795,0,202022421,72745616,72745616,18664448,18664448,17513892,1150397,1140667,159,3502878,27,2873433342,83021777,2873433342,83021777,630887,82399568,2840903666,9825,24343,14899910767,14179151211,2685593012,79715960,777377,80281742,2831888286,27266,25278,14738749992,13943245687,208736969,2557999500,2194819734,134312096,7242801,75500588,391063936,129254734,13324583888,35997525,2698638858,809335,2145046362,N/A,3.9738
/home/fyquah/fyp/prod/rundir/2018-06-13T22_51_06.780473Z/opt_data/2/0/execution_stats.sexp,192.168.0.12,50,795,0,202022421,72745616,72745616,18664448,18664448,17513892,1150397,1140667,159,3502878,27,2877922124,82635872,2877922124,82635872,605944,81806723,2834131162,7336,18959,14815552527,14279192103,2759010808,80686226,792578,81131062,2835995288,17134,19880,14733095825,13944036210,205942224,2570258416,2295726251,133714955,7435077,74116822,390908422,128214112,13300861494,35849342,2654932300,776586,2051828076,N/A,3.9529
/home/fyquah/fyp/prod/rundir/2018-06-13T16_09_14.343190Z/opt_data/initial/0/execution_stats.sexp,192.168.0.10,50,795,0,202022418,72745026,72745026,18664448,18664448,17513882,1150399,1140682,167,3502876,27,2865828061,82760304,2865828061,82760304,714700,82388271,2852269520,11358,27653,14811863923,14222115424,2817528588,80920390,847702,81625322,2846575049,10890,28224,14739668074,13988610888,209002782,2591867421,2287241400,135579628,7323526,73617243,390811227,129884005,13288739595,36003688,2593019170,816906,2146833616,N/A,3.9509
/home/fyquah/fyp/prod/rundir/2018-06-13T16_09_14.343190Z/opt_data/initial/1/execution_stats.sexp,192.168.0.10,50,795,0,202022418,72745026,72745026,18664448,18664448,17513882,1150399,1140682,167,3502876,27,2870977117,82883807,2870977117,82883807,730354,82517703,2844514600,8755,25670,14795486758,14237068811,2797055092,80183377,844944,81547004,2835613306,12094,25616,14733068558,13912446652,209041348,2561046418,2262994011,135755374,7256895,74428298,390951082,130068896,13293578796,35955564,2618429688,827036,2167035260,N/A,3.9498
