/home/fyquah/fyp/prod/rundir/2018-02-24T05_01_39.282197Z/opt_data/initial/0/execution_stats.sexp,192.168.0.10,0,8011,0,2100045010,185,300000186,540491776,540491776,300000186,240491590,240000070,0,28,2,5720013106,1266920,5720013106,1266920,686248,965125,5711146682,4750,909,32507667900,55750028306,5663930759,1456772,881872,1390948,5695307619,4371,748,32407754418,55378086228,385531728,11256119334,6427885010,56027856,38931316,34166363,856060724,71962878,29121903958,1033986,11309477693,6313897,6388583014,68219,8.6195
/home/fyquah/fyp/prod/rundir/2018-02-24T05_01_39.282197Z/opt_data/initial/1/execution_stats.sexp,192.168.0.10,0,8011,0,2100045010,185,300000186,540491776,540491776,300000186,240491590,240000070,0,28,2,5722631356,1201087,5722631356,1201087,752321,1137927,5714064116,4664,674,35211236990,55749806806,5665992465,1389982,890030,1348384,5693028108,4254,746,32406909423,55369243332,385312592,11256256466,6417809684,53817500,39087100,34281252,855976064,72009446,29121190535,1058354,11307906456,6318358,6387116150,68219,8.6385
/home/fyquah/fyp/prod/rundir/2018-02-24T05_01_39.282197Z/opt_data/0/0/execution_stats.sexp,192.168.0.10,0,8011,0,2100045010,185,300000186,540491776,540491776,300000186,240491590,240000070,0,28,2,5723320583,1204178,5723320583,1204178,717877,1080306,5706513983,4684,542,32514049051,55751070665,5646986164,1245262,867260,1260178,5685092998,4434,466,32407204523,55384140624,384384892,11254520872,6432104142,56333998,38716282,34156286,856004201,71752130,29129839216,1171230,11316895593,6302970,6386126816,68332,8.6214
/home/fyquah/fyp/prod/rundir/2018-02-24T05_01_39.282197Z/opt_data/1/0/execution_stats.sexp,192.168.0.10,0,8011,0,2100045010,185,300000186,540491776,540491776,300000186,240491590,240000070,0,28,2,5728840329,1292304,5728840329,1292304,734603,1153833,5708971659,14062,407,32655913206,55769491530,5739212538,1571708,846210,1497216,5739800416,4104,484,32697081988,55457908156,392261897,11230956468,6351007828,54597227,38645056,34033506,855797108,69893172,29128210966,997218,11290085756,6271436,6456037252,68355,8.6614
/home/fyquah/fyp/prod/rundir/2018-02-24T05_01_39.282197Z/opt_data/3/0/execution_stats.sexp,192.168.0.10,0,8011,0,2100045010,185,300000186,540491776,540491776,300000186,240491590,240000070,0,28,2,5732859511,1317159,5732859511,1317159,752140,1188912,5706086194,6953,409,32647547988,55747438146,5745545664,1597012,854840,1497807,5731018054,4370,668,32697652664,55457078382,391965642,11196511218,6343963962,52777840,38930122,34211466,855973768,69936829,29133226342,1021013,11291626545,6275020,6457124306,68355,8.6604
/home/fyquah/fyp/prod/rundir/2018-02-24T05_01_39.282197Z/opt_data/4/0/execution_stats.sexp,192.168.0.10,0,8011,0,2100045010,185,300000186,540491776,540491776,300000186,240491590,240000070,0,28,2,5723768291,1190399,5723768291,1190399,709976,1043589,5712739993,3943,548,32517346628,55749809985,5667499342,1379549,854972,1328772,5690554140,5282,964,32399157052,55368373744,385759242,11258733380,6425669982,53377205,39142048,34247055,856015334,71494020,29121198067,1063872,11309766818,6321417,6384657989,68316,8.6184
/home/fyquah/fyp/prod/rundir/2018-02-24T05_01_39.282197Z/opt_data/5/0/execution_stats.sexp,192.168.0.10,0,8011,0,2100045010,185,300000186,540491776,540491776,300000186,240491590,240000070,0,28,2,5725856439,1208873,5725856439,1208873,715976,1015737,5710622273,4540,712,32523722594,55766963321,5664846778,1414667,860224,1198396,5673896916,6946,464,32407587515,55365704862,382980785,11251703814,6419885182,51836688,41244992,35744649,855974928,72094002,29124669608,1034500,11323619955,8089167,6406703018,68316,8.6209
/home/fyquah/fyp/prod/rundir/2018-02-24T05_01_39.282197Z/opt_data/12/0/execution_stats.sexp,192.168.0.10,0,8011,0,2100045010,185,300000186,540491776,540491776,300000186,240491590,240000070,0,28,2,5725439449,1256557,5725439449,1256557,679006,928824,5707696264,4914,660,35086309986,55708754674,5656102555,1455448,867911,1306548,5694056948,4316,783,32398095654,55361592559,385202720,11254664714,6428989870,54459755,38697522,34106720,855837984,70875779,29117050679,1040506,11308775578,6321184,6382231472,68295,8.6199
/home/fyquah/fyp/prod/rundir/2018-02-24T05_01_39.282197Z/opt_data/14/0/execution_stats.sexp,192.168.0.10,0,8011,0,2100045010,185,300000186,540491776,540491776,300000186,240491590,240000070,0,28,2,5726005047,1182170,5726005047,1182170,678686,922081,5711446689,5719,649,32545756515,55745741898,5680681316,1316188,853835,1238166,5678419222,4068,570,32404392805,55361445634,386641724,11259030476,6420700010,54845970,39029182,34232578,855528422,71669242,29103837372,1022816,11274830100,6211413,6423932276,68276,8.6394
/home/fyquah/fyp/prod/rundir/2018-02-24T05_01_39.282197Z/opt_data/15/0/execution_stats.sexp,192.168.0.10,0,8011,0,2100045010,185,300000186,540491776,540491776,300000186,240491590,240000070,0,28,2,5728644854,1230680,5728644854,1230680,717142,934984,5708458259,5014,642,32501071166,55738873187,5706369270,1322566,873415,1228640,5686184170,5330,604,33894587444,55441392612,387092202,11254661164,6415009460,56315424,38976694,34382557,891047869,71718548,30325768050,1033228,11300099384,6262427,6433900864,68276,8.6364
/home/fyquah/fyp/prod/rundir/2018-02-24T05_01_39.282197Z/opt_data/22/0/execution_stats.sexp,192.168.0.10,0,8011,0,2100045010,185,300000186,540491776,540491776,300000186,240491590,240000070,0,28,2,5718692935,1322479,5718692935,1322479,685185,1203526,5705918462,4294,664,32578392728,55664843446,5726035588,1348372,879607,1249761,5676880829,4781,943,32526806289,55086418666,384331034,11193143491,6389612837,55339474,38315444,33828268,855791461,71365412,29127115188,1022422,11319173324,6289576,6464707974,68256,8.6194
/home/fyquah/fyp/prod/rundir/2018-02-24T05_01_39.282197Z/opt_data/23/0/execution_stats.sexp,192.168.0.10,0,8011,0,2100045010,185,300000186,540491776,540491776,300000186,240491590,240000070,0,28,2,5728692150,1335358,5728692150,1335358,726708,1122574,5709320895,4486,650,32531545485,55712174636,5725606910,1206268,861292,1129080,5679184218,4488,462,32383717218,55142752852,382175766,11210185388,6408509426,56378312,37361470,33521192,855840918,71995005,29128455542,1086878,11329963452,6679025,6469649142,68256,8.6425
/home/fyquah/fyp/prod/rundir/2018-02-24T05_01_39.282197Z/opt_data/24/0/execution_stats.sexp,192.168.0.10,0,8011,0,2100045010,185,300000186,540491776,540491776,300000186,240491590,240000070,0,28,2,5725241650,1279434,5725241650,1279434,692695,1044421,5707423316,5539,506,32563497509,55756525081,5694743995,1159008,869139,1056418,5636421070,7706,540,33906640638,55239069802,381766428,11227317493,6384167764,53546662,39068419,34162127,895455622,72419709,30476018504,1051456,11335458568,6355890,6456149412,68256,8.6390
/home/fyquah/fyp/prod/rundir/2018-02-24T05_01_39.282197Z/opt_data/28/0/execution_stats.sexp,192.168.0.10,0,8011,0,2100045010,185,300000186,540491776,540491776,300000186,240491590,240000070,0,28,2,5729506689,1238337,5729506689,1238337,698173,895908,5704912855,5434,665,32433287493,55730355994,5690706508,1509054,872862,1408246,5698902537,5364,974,32406997069,55429657920,389289596,11276812932,6446872030,58117125,39662388,34663814,855573488,71800672,29092857065,1025648,11291633338,6246930,6392312560,68238,8.9608
/home/fyquah/fyp/prod/rundir/2018-02-24T05_01_39.282197Z/opt_data/31/0/execution_stats.sexp,192.168.0.10,0,8011,0,2100045010,185,300000186,540491776,540491776,300000186,240491590,240000070,0,28,2,5726058948,1239064,5726058948,1239064,674320,912572,5706953662,4071,545,32424583503,55695475270,5708328666,1416818,888844,1248335,5691775386,5042,712,32399277124,55267706972,385550427,11236981521,6424620154,57150022,38797880,34167552,855653584,71708980,29109501567,1002597,11311012458,6266908,6423109858,68238,8.6160
/home/fyquah/fyp/prod/rundir/2018-02-24T05_01_39.282197Z/opt_data/32/0/execution_stats.sexp,192.168.0.10,0,8011,0,2100045010,185,300000186,540491776,540491776,300000186,240491590,240000070,0,28,2,5723773930,1194045,5723773930,1194045,671251,1086975,5707289174,3895,447,32538531326,55767938060,5651131156,1287153,884964,1277293,5684333945,3982,505,32408901307,55371881728,384909906,11254568626,6428840490,55712934,38894436,34217060,855998822,72085273,29129314194,1010088,11316095710,6331676,6386226391,68219,8.6219
/home/fyquah/fyp/prod/rundir/2018-02-24T05_01_39.282197Z/opt_data/38/0/execution_stats.sexp,192.168.0.10,0,8011,0,2100045010,185,300000186,540491776,540491776,300000186,240491590,240000070,0,28,2,5721412368,1174902,5721412368,1174902,679282,938878,5706440263,4265,357,32542779029,55724943486,5700765174,1304598,874575,1210511,5692145532,5485,642,33897480746,55435590774,387161138,11253136904,6414728554,56315825,39137184,34497322,890903451,71689661,30320271252,1046258,11298432048,6256477,6433282256,68276,8.6355
/home/fyquah/fyp/prod/rundir/2018-02-24T05_01_39.282197Z/opt_data/40/0/execution_stats.sexp,192.168.0.10,0,8011,0,2100045010,185,300000186,540491776,540491776,300000186,240491590,240000070,0,28,2,5721223728,1177832,5721223728,1177832,704066,1028366,5711371012,3990,418,35366703726,55754300668,5681996430,1220935,871896,1123967,5664642496,3956,510,32406500006,55318697488,381707906,11241850842,6398865272,52941402,39453037,34485270,855983904,72108688,29133504978,1019619,11329990202,6317854,6416692106,68276,8.6369
/home/fyquah/fyp/prod/rundir/2018-02-24T05_01_39.282197Z/opt_data/42/0/execution_stats.sexp,192.168.0.10,0,8011,0,2100045010,185,300000186,540491776,540491776,300000186,240491590,240000070,0,28,2,5730757832,1213216,5730757832,1213216,731792,1068548,5708597059,4545,1137,32513475288,55777018333,5656965648,1365584,861016,1339584,5689113883,4158,382,32407365020,55375761190,385928798,11258704622,6428837310,55145922,38971116,34109677,856019976,70979100,29121137904,1002418,11309833705,6316694,6386215487,68295,8.9619
/home/fyquah/fyp/prod/rundir/2018-02-24T05_01_39.282197Z/opt_data/46/0/execution_stats.sexp,192.168.0.10,0,8011,0,2100045010,185,300000186,540491776,540491776,300000186,240491590,240000070,0,28,2,5729331260,1189320,5729331260,1189320,681389,880970,5704365306,4303,948,32530207591,55757723031,5682377990,1074919,867984,1007948,5643898704,5138,592,32403154304,55285476198,381656610,11234382537,6411067830,56853160,39099603,34274649,856027042,71994808,29135155692,1041253,11344963897,6292304,6445623896,68276,8.6395
/home/fyquah/fyp/prod/rundir/2018-02-24T05_01_39.282197Z/opt_data/51/0/execution_stats.sexp,192.168.0.10,0,8011,0,2100045010,185,300000186,540491776,540491776,300000186,240491590,240000070,0,28,2,5722291840,1189457,5722291840,1189457,741661,903722,5707074634,4403,602,32551174607,55778978979,5690878538,1357464,874212,1191881,5670346426,4784,560,32391298498,55380329492,384131211,11256276596,6420478805,55223347,40805708,35688386,860326083,73614102,29268382442,1023940,11314588136,7951037,6408014490,68256,9.0124
/home/fyquah/fyp/prod/rundir/2018-02-24T05_01_39.282197Z/opt_data/69/0/execution_stats.sexp,192.168.0.10,0,8011,0,2100045010,185,300000186,540491776,540491776,300000186,240491590,240000070,0,28,2,5720466633,1170285,5720466633,1170285,674908,1079077,5709968649,4272,463,32501942955,55737358594,5653176478,1353474,862054,1311754,5689868116,4000,306,32407334520,55380841616,385732191,11259009433,6431011154,55306940,38913046,34094886,855988781,70967964,29120633216,1016998,11307846061,6333420,6388201771,68295,8.6284
/home/fyquah/fyp/prod/rundir/2018-02-24T05_01_39.282197Z/opt_data/82/0/execution_stats.sexp,192.168.0.10,0,8011,0,2100045010,185,300000186,540491776,540491776,300000186,240491590,240000070,0,28,2,5720625722,1200612,5720625722,1200612,648411,1093441,5714729181,4131,472,32501409237,55741869091,5663293850,1136408,835854,1084440,5657510140,5062,1086,32404516962,55324477515,382319411,11243502812,6416693192,56217706,40659444,35729479,855946046,73168662,29132137622,1042876,11328156578,8546291,6418666264,68316,8.6239
/home/fyquah/fyp/prod/rundir/2018-02-24T05_01_39.282197Z/opt_data/90/0/execution_stats.sexp,192.168.0.10,0,8011,0,2100045010,185,300000186,540491776,540491776,300000186,240491590,240000070,0,28,2,5719023142,1192521,5719023142,1192521,682021,1043393,5708214764,4144,521,32521060864,55732893505,5659590835,1262396,858132,1256980,5681860381,6516,958,33689227642,55395500156,384443658,11258198792,6445767638,56207842,40115150,35295431,891071996,71717903,30320333386,1069937,11316152884,6376034,6383953112,68295,8.6295
/home/fyquah/fyp/prod/rundir/2018-02-24T05_01_39.282197Z/opt_data/94/0/execution_stats.sexp,192.168.0.10,0,8011,0,2100045010,185,300000186,540491776,540491776,300000186,240491590,240000070,0,28,2,5723464819,1218045,5723464819,1218045,715660,903253,5708157625,5982,522,32474677255,55723614596,5639728193,1180620,864780,1196788,5678718884,316559,557,32396319641,55378842400,383728158,11252873380,6437630704,58220987,38780174,34140788,855990021,71816100,29131921465,1054400,11323001896,6315088,6386464037,68332,8.6219
/home/fyquah/fyp/prod/rundir/2018-02-24T05_01_39.282197Z/opt_data/100/0/execution_stats.sexp,192.168.0.10,0,8011,0,2100045010,185,300000186,540491776,540491776,300000186,240491590,240000070,0,28,2,5722669111,1182585,5722669111,1182585,676901,1141869,5707250482,7668,416,32516014233,55747701594,5648717930,1218648,874994,1234942,5683450220,13017,922,32405620434,55384400418,383653618,11253600606,6432357558,56191040,39446771,34390184,855965794,71735591,29131512988,1097034,11321122096,6336975,6386074810,68332,8.6295
/home/fyquah/fyp/prod/rundir/2018-02-24T05_01_39.282197Z/opt_data/104/0/execution_stats.sexp,192.168.0.10,0,8011,0,2100045010,185,300000186,540491776,540491776,300000186,240491590,240000070,0,28,2,5718313148,1193555,5718313148,1193555,661441,1058463,5711110843,5060,420,32511508985,55730993661,5645893374,1166412,863308,1175459,5675112308,4994,388,32408339411,55374202277,383241874,11250618220,6430131671,56453589,39862829,34587316,855857015,71823628,29130213692,1015762,11324073650,6303478,6384052641,68332,8.6836
/home/fyquah/fyp/prod/rundir/2018-02-24T05_01_39.282197Z/opt_data/149/0/execution_stats.sexp,192.168.0.10,0,8011,0,2100045010,185,300000186,540491776,540491776,300000186,240491590,240000070,0,28,2,5727506159,1244141,5727506159,1244141,678429,1150091,5702672101,5194,515,32523499773,55738015625,5689275980,1074911,880712,1091008,5670381267,7022,612,32355189400,55237611987,382091130,11222930508,6419993996,53184316,39606236,35276904,855835734,72989477,29128243634,1039010,11336087218,6276176,6450605539,68276,8.6324
/home/fyquah/fyp/prod/rundir/2018-02-24T05_01_39.282197Z/opt_data/183/0/execution_stats.sexp,192.168.0.10,0,8011,0,2100045010,185,300000186,540491776,540491776,300000186,240491590,240000070,0,28,2,5722081157,1330344,5722081157,1330344,681572,1299752,5707868583,4430,423,32580136776,55682709229,5741194794,1418190,902810,1125366,5651191094,5818,1108,32373707145,55152241850,381896050,11212227340,6386391200,53864935,38480044,33977564,855779869,72095515,29127726866,1009530,11329942042,6287148,6466894088,68256,9.0222
/home/fyquah/fyp/prod/rundir/2018-02-24T05_01_39.282197Z/opt_data/205/0/execution_stats.sexp,192.168.0.10,0,8011,0,2100045010,185,300000186,540491776,540491776,300000186,240491590,240000070,0,28,2,5719308951,1174928,5719308951,1174928,672629,1082048,5709185182,8973,416,32500445938,55735064553,5667545746,1493555,844116,1335527,5691808815,4284,464,32406784240,55376476474,386397336,11261285529,6427209843,53621130,38922825,34226838,855990848,71458667,29115205114,1046220,11303906889,6300021,6382633114,68316,8.9591
/home/fyquah/fyp/prod/rundir/2018-02-24T05_01_39.282197Z/opt_data/248/0/execution_stats.sexp,192.168.0.10,0,8011,0,2100045010,185,300000186,540491776,540491776,300000186,240491590,240000070,0,28,2,5719843389,1175547,5719843389,1175547,664094,1127502,5709616468,3928,351,32521288962,55736468150,5678109298,1149580,863494,1084054,5653413293,6802,734,32358724090,55318081988,382074988,11242563279,6431091728,56984967,39990682,35414652,855987222,72561851,29133692314,1058976,11335267068,6270012,6419559006,68332,8.6244
/home/fyquah/fyp/prod/rundir/2018-02-24T05_01_39.282197Z/opt_data/275/0/execution_stats.sexp,192.168.0.10,0,8011,0,2100045010,185,300000186,540491776,540491776,300000186,240491590,240000070,0,28,2,5719224519,1195052,5719224519,1195052,662303,1096877,5709770372,4191,515,32497196523,55737050282,5648568030,1226271,837644,1221284,5679175632,5522,792,32402410001,55374015442,384033462,11251738784,6432888092,56994200,40054038,34856646,856003976,71393074,29130070604,1057053,11323785320,6302750,6386442977,68316,8.6199
/home/fyquah/fyp/prod/rundir/2018-02-24T05_01_39.282197Z/opt_data/278/0/execution_stats.sexp,192.168.0.10,0,8011,0,2100045010,185,300000186,540491776,540491776,300000186,240491590,240000070,0,28,2,5720047292,1209905,5720047292,1209905,659591,977064,5716647058,4522,695,32501855664,55741057149,5668506046,1454690,844102,1334902,5690488844,3976,497,32405891992,55374173204,386200588,11260923670,6427157668,53704020,39161808,34260264,855962900,71326894,29116783266,1019722,11307444572,6305850,6384087990,68316,8.6260
/home/fyquah/fyp/prod/rundir/2018-02-24T05_01_41.355763Z/opt_data/initial/0/execution_stats.sexp,192.168.0.11,0,8011,0,2100045010,185,300000186,540491776,540491776,300000186,240491590,240000070,0,28,2,5722340479,1272900,5722340479,1272900,685293,968946,5709396838,3926,520,32503665943,55749779147,5646221253,1177438,890764,1278849,5693713136,4318,944,32392173991,55370748858,383263000,11248224532,6431756476,57023756,39187714,34254122,855810555,71902490,29125108192,986657,11317419440,6308538,6385077842,68219,8.6170
/home/fyquah/fyp/prod/rundir/2018-02-24T05_01_41.355763Z/opt_data/initial/1/execution_stats.sexp,192.168.0.11,0,8011,0,2100045010,185,300000186,540491776,540491776,300000186,240491590,240000070,0,28,2,5725317444,1239325,5725317444,1239325,738927,1094376,5707002826,4951,736,32515985699,55740957241,5642300472,1131854,914300,1162942,5674051440,4518,680,33907106890,55376039245,382255244,11245904647,6433392914,56790314,38987306,34139608,895462128,71962524,30475243629,1008554,11324326232,6347350,6408478036,68219,8.6234
/home/fyquah/fyp/prod/rundir/2018-02-24T05_01_41.355763Z/opt_data/0/0/execution_stats.sexp,192.168.0.11,0,8011,0,2100045010,185,300000186,540491776,540491776,300000186,240491590,240000070,0,28,2,5722988474,1189402,5722988474,1189402,729783,943002,5715670622,4100,661,32528871866,55746576787,5653194586,1314978,869174,1294231,5688186500,7007,1068,32398603420,55369113188,385315422,11255868924,6429392678,55133940,39033205,34139461,855987630,70914554,29123487414,988132,11313025707,6315632,6387550716,68295,8.9630
/home/fyquah/fyp/prod/rundir/2018-02-24T05_01_41.355763Z/opt_data/1/0/execution_stats.sexp,192.168.0.11,0,8011,0,2100045010,185,300000186,540491776,540491776,300000186,240491590,240000070,0,28,2,5721740516,1201691,5721740516,1201691,701379,952266,5717987789,5537,576,32520696920,55773418715,5671681735,1246380,835083,1161670,5669755783,4493,950,32388971298,55296640194,383935555,11244502272,6418731756,56505561,40776022,35283493,855818202,71958442,29118026936,1009708,11322039782,7403031,6417334236,68316,8.6174
/home/fyquah/fyp/prod/rundir/2018-02-24T05_01_41.355763Z/opt_data/3/0/execution_stats.sexp,192.168.0.11,0,8011,0,2100045010,185,300000186,540491776,540491776,300000186,240491590,240000070,0,28,2,5728719262,1143513,5728719262,1143513,704340,865423,5711426258,4946,840,32580213353,55769320814,5661771262,1366084,840092,1318772,5691465430,4052,518,32403543493,55381375956,385826384,11259568844,6428016791,54685544,39170578,34207664,855953584,71455618,29119966520,1005850,11310478081,6287156,6386802934,68316,8.6234
/home/fyquah/fyp/prod/rundir/2018-02-24T05_01_41.355763Z/opt_data/4/0/execution_stats.sexp,192.168.0.11,0,8011,0,2100045010,185,300000186,540491776,540491776,300000186,240491590,240000070,0,28,2,5726785811,1187239,5726785811,1187239,708244,1045740,5706468084,4653,733,32510322894,55766251116,5699425562,1654043,851752,1385065,5702725950,4446,494,33738096116,55423715446,388887543,11274365868,6427769140,51841014,39096878,34364702,890384082,71252045,30166922918,1002014,11252506282,6265842,6396890082,68316,8.9589
/home/fyquah/fyp/prod/rundir/2018-02-24T05_01_41.355763Z/opt_data/10/0/execution_stats.sexp,192.168.0.11,0,8011,0,2100045010,185,300000186,540491776,540491776,300000186,240491590,240000070,0,28,2,5726088395,1155746,5726088395,1155746,655374,882872,5704258149,5473,447,32462544732,55731407901,5690034568,1589392,849940,1389785,5698332884,4142,464,32406633781,55378907794,388965862,11272484400,6421090582,54101808,39081051,34376640,855646058,71466655,29099586766,1001597,11292360677,6248287,6392592722,68316,8.6240
/home/fyquah/fyp/prod/rundir/2018-02-24T05_01_41.355763Z/opt_data/14/0/execution_stats.sexp,192.168.0.11,0,8011,0,2100045010,185,300000186,540491776,540491776,300000186,240491590,240000070,0,28,2,5726700674,1186571,5726700674,1186571,733006,1072949,5707481784,5021,463,32518224696,55769367798,5639148677,1168183,844395,1201086,5678359431,5784,724,32407500618,55382714792,383479656,11251736878,6435094742,57696045,39388745,34354740,855991184,71677070,29133999990,996840,11324431584,6308792,6384790612,68332,8.6194
/home/fyquah/fyp/prod/rundir/2018-02-24T05_01_41.355763Z/opt_data/15/0/execution_stats.sexp,192.168.0.11,0,8011,0,2100045010,185,300000186,540491776,540491776,300000186,240491590,240000070,0,28,2,5732744851,1298310,5732744851,1298310,730610,1176082,5705466945,6797,753,32647659776,55765111056,5732539026,1600674,889980,1498214,5742381394,6853,638,34188352330,55460760436,392498248,11231329686,6357973216,55345808,38318162,33890262,895262090,69909222,30469480342,973441,11287311468,6320516,6457075663,68355,8.6595
/home/fyquah/fyp/prod/rundir/2018-02-24T05_01_41.355763Z/opt_data/33/0/execution_stats.sexp,192.168.0.11,0,8011,0,2100045010,185,300000186,540491776,540491776,300000186,240491590,240000070,0,28,2,5721105697,1178333,5721105697,1178333,673881,1083619,5712361919,3969,459,32498956187,55729219313,5645990814,1172182,887172,1204702,5678200774,4158,483,32407302235,55381450593,383216490,11251195909,6427761960,55899102,39513424,34325913,856029388,71675595,29134889762,1015270,11323692598,6323382,6383362592,68332,8.6274
/home/fyquah/fyp/prod/rundir/2018-02-24T05_01_41.355763Z/opt_data/37/0/execution_stats.sexp,192.168.0.11,0,8011,0,2100045010,185,300000186,540491776,540491776,300000186,240491590,240000070,0,28,2,5725657269,1255678,5725657269,1255678,724376,1024969,5708406837,4565,590,32529636842,55739123957,5646277708,1243426,858099,1247013,5681368302,5340,806,32405872666,55374278077,384163596,11252975798,6430423645,57134140,39178809,34249323,856019568,71773195,29130368648,1024348,11321758162,6333300,6386193696,68332,8.6209
/home/fyquah/fyp/prod/rundir/2018-02-24T05_01_41.355763Z/opt_data/40/0/execution_stats.sexp,192.168.0.11,0,8011,0,2100045010,185,300000186,540491776,540491776,300000186,240491590,240000070,0,28,2,5725786992,1292009,5725786992,1292009,731099,1104053,5707941121,4174,569,32666908824,55782048310,5740743378,1694694,834910,1468700,5716213923,4326,512,32640837235,55451397358,391372030,11221799508,6393659636,51782208,41379126,35875084,859898222,70868784,29252785278,989376,11255381224,6204555,6431746697,68355,8.9956
/home/fyquah/fyp/prod/rundir/2018-02-24T05_01_41.355763Z/opt_data/61/0/execution_stats.sexp,192.168.0.11,0,8011,0,2100045010,185,300000186,540491776,540491776,300000186,240491590,240000070,0,28,2,5722488726,1194995,5722488726,1194995,653915,1100268,5709262805,5357,463,32508999756,55741000370,5672943880,1494132,862992,1296292,5688491703,4042,688,33732571467,55387513479,386184496,11261093250,6428843329,53164090,38973564,34139907,890979270,70953112,30309247459,1011972,11299762644,6358962,6382552360,68355,9.0306
/home/fyquah/fyp/prod/rundir/2018-02-24T05_01_41.355763Z/opt_data/65/0/execution_stats.sexp,192.168.0.11,0,8011,0,2100045010,185,300000186,540491776,540491776,300000186,240491590,240000070,0,28,2,5721642613,1202484,5721642613,1202484,720068,1035203,5709827158,10807,885,32517211735,55742328690,5672299278,1507902,837012,1357368,5694198392,4742,674,32406379498,55374302766,386417356,11261986415,6421760697,52950537,39065966,34236973,855930489,71439379,29112718112,997760,11301296702,6293876,6383178136,68316,8.6189
/home/fyquah/fyp/prod/rundir/2018-02-24T05_01_41.355763Z/opt_data/66/0/execution_stats.sexp,192.168.0.11,0,8011,0,2100045010,185,300000186,540491776,540491776,300000186,240491590,240000070,0,28,2,5722878314,1183148,5722878314,1183148,698041,1147899,5710897601,6447,600,35515532932,55758310882,5680060490,1450992,861164,1369794,5696119782,4512,890,33729843986,55412474375,388992050,11270348200,6437774711,55403882,39225339,34303834,890699306,71336223,30294340958,997754,11290996522,6274884,6394230512,68316,8.6249
/home/fyquah/fyp/prod/rundir/2018-02-24T05_01_41.355763Z/opt_data/72/0/execution_stats.sexp,192.168.0.11,0,8011,0,2100045010,185,300000186,540491776,540491776,300000186,240491590,240000070,0,28,2,5720823108,1212942,5720823108,1212942,685178,918625,5711744314,4430,748,35682245643,55742818534,5667238658,1050468,861558,1126923,5665277064,5041,808,32399855428,55323157836,382635461,11243219616,6418877658,55494134,40690552,35611604,855808054,71794276,29125538208,990048,11329586112,7616188,6412504937,68295,8.6235
/home/fyquah/fyp/prod/rundir/2018-02-24T05_01_41.355763Z/opt_data/188/0/execution_stats.sexp,192.168.0.11,0,8011,0,2100045010,185,300000186,540491776,540491776,300000186,240491590,240000070,0,28,2,5720727619,1175333,5720727619,1175333,669705,1058549,5707772311,4436,440,32514442327,55744734249,5642098690,1233052,858690,1269514,5682858092,4849,500,32408380808,55377052775,384467910,11254345868,6432739962,57135982,38797890,34066536,856003113,71760505,29130239460,1013668,11317628678,6308104,6386233390,68332,8.6219
/home/fyquah/fyp/prod/rundir/2018-02-24T05_01_41.355763Z/opt_data/202/0/execution_stats.sexp,192.168.0.11,0,8011,0,2100045010,185,300000186,540491776,540491776,300000186,240491590,240000070,0,28,2,5718799005,1186223,5718799005,1186223,666234,935227,5714509495,4407,436,32525383018,55732425317,5675474548,1261508,846708,1173930,5665842100,5400,762,32408285040,55327155522,384244223,11250403750,6409449871,56682578,40709327,35794806,856038735,73299971,29124270218,1032448,11321107830,8082464,6418089757,68332,8.6289
/home/fyquah/fyp/prod/rundir/2018-02-24T05_01_43.271788Z/opt_data/initial/0/execution_stats.sexp,192.168.0.12,0,8011,0,2100045010,185,300000186,540491776,540491776,300000186,240491590,240000070,0,28,2,5719181581,1184187,5719181581,1184187,672527,893137,5706671103,4110,493,32512175951,55689623942,5652013412,1330330,881626,1313950,5692047683,5239,562,32407914369,55376628054,384584768,11251041410,6423555476,55486040,38951832,34143905,855997503,72068838,29127965332,998596,11315591162,6322474,6387198138,68219,8.9624
/home/fyquah/fyp/prod/rundir/2018-02-24T05_01_43.271788Z/opt_data/initial/1/execution_stats.sexp,192.168.0.12,0,8011,0,2100045010,185,300000186,540491776,540491776,300000186,240491590,240000070,0,28,2,5724381274,1247437,5724381274,1247437,741951,1128809,5707444905,4176,358,32511962047,55733603746,5639461182,1228414,899952,1248956,5684449911,4196,887,32405684357,55377993764,384142678,11252288536,6432268831,57585370,39116692,34355790,856044136,72011264,29131303152,998474,11320341658,6342334,6385605340,68219,8.6184
/home/fyquah/fyp/prod/rundir/2018-02-24T05_01_43.271788Z/opt_data/0/0/execution_stats.sexp,192.168.0.12,0,8011,0,2100045010,185,300000186,540491776,540491776,300000186,240491590,240000070,0,28,2,5728435439,1191869,5728435439,1191869,710480,1124643,5709351417,7392,1036,32518261293,55790724179,5676486240,1492090,835583,1358598,5693763314,5610,480,32406900296,55375939738,386447078,11262334028,6424871459,52363962,39007648,34230562,855990224,71310078,29114801558,999194,11304494845,6325387,6382136071,68316,8.6164
/home/fyquah/fyp/prod/rundir/2018-02-24T05_01_43.271788Z/opt_data/1/0/execution_stats.sexp,192.168.0.12,0,8011,0,2100045010,185,300000186,540491776,540491776,300000186,240491590,240000070,0,28,2,5724170582,1189840,5724170582,1189840,714720,1112053,5711674559,5219,652,32513457274,55761473998,5668248316,1436689,859117,1328396,5691742164,4465,729,33736605470,55400455214,385808604,11262054976,6430695285,52684952,39216160,34276163,891072356,70822764,30311118722,997356,11301882058,6383520,6381792866,68295,8.6214
/home/fyquah/fyp/prod/rundir/2018-02-24T05_01_43.271788Z/opt_data/3/0/execution_stats.sexp,192.168.0.12,0,8011,0,2100045010,185,300000186,540491776,540491776,300000186,240491590,240000070,0,28,2,5727325762,1188715,5727325762,1188715,723620,1049830,5712623462,6801,517,32518904865,55782716030,5640015507,1169972,882290,1194296,5677230190,7790,450,32408034829,55379091280,383507704,11251059829,6431248795,56055144,38933856,34196936,856007636,70938155,29134551368,992741,11324670950,6330855,6383717100,68295,8.6249
/home/fyquah/fyp/prod/rundir/2018-02-24T05_01_43.271788Z/opt_data/4/0/execution_stats.sexp,192.168.0.12,0,8011,0,2100045010,185,300000186,540491776,540491776,300000186,240491590,240000070,0,28,2,5710405096,795430,5710405096,795430,679156,1008913,5719184365,3538,789,33940880730,55739728801,5655710104,1268504,883890,1228479,5680065880,6488,655,32405818636,55360379262,384248754,11251199796,6421126410,53021727,39100914,34220440,855992908,70930644,29131968693,993665,11318724596,6331414,6381887998,68295,8.9634
/home/fyquah/fyp/prod/rundir/2018-02-24T05_01_43.271788Z/opt_data/6/0/execution_stats.sexp,192.168.0.12,0,8011,0,2100045010,185,300000186,540491776,540491776,300000186,240491590,240000070,0,28,2,5731934921,1239090,5731934921,1239090,729134,997304,5704590121,4743,764,35124239680,55740734755,5688399884,1579714,837634,1365320,5697927772,5555,655,32407389860,55376426536,388825557,11269520555,6414321474,53524139,39126900,34318546,855911023,71538179,29105204479,997115,11294733908,6290260,6381809201,68316,8.9642
/home/fyquah/fyp/prod/rundir/2018-02-24T05_01_43.271788Z/opt_data/7/0/execution_stats.sexp,192.168.0.12,0,8011,0,2100045010,185,300000186,540491776,540491776,300000186,240491590,240000070,0,28,2,5728894477,1245397,5728894477,1245397,710239,1061474,5708328173,5044,546,32515773830,55753760129,5657116838,1333191,833530,1267005,5683348783,5564,595,32392810074,55359496074,386036798,11257192734,6428191302,54890432,39107366,34330453,856043973,71198233,29125831068,994078,11315710530,6286118,6383612086,68316,8.6185
/home/fyquah/fyp/prod/rundir/2018-02-24T05_01_43.271788Z/opt_data/8/0/execution_stats.sexp,192.168.0.12,0,8011,0,2100045010,185,300000186,540491776,540491776,300000186,240491590,240000070,0,28,2,5722544608,1178028,5722544608,1178028,706662,1058692,5707872355,4626,696,32508113496,55753484639,5641904360,1199738,853686,1201194,5680236616,3872,368,32407419386,55381301929,383922680,11253939753,6431965066,56367492,39392284,34380884,856017084,71354217,29131117018,1001574,11321668000,6303510,6384897970,68316,8.6175
/home/fyquah/fyp/prod/rundir/2018-02-24T05_01_43.271788Z/opt_data/17/0/execution_stats.sexp,192.168.0.12,0,8011,0,2100045010,185,300000186,540491776,540491776,300000186,240491590,240000070,0,28,2,5717782328,1189032,5717782328,1189032,658594,1085466,5714617874,4913,729,32475412956,55729235550,5704823404,1274398,868498,1110712,5670900774,11239,802,32353995682,55253282840,381609037,11226864644,6406633174,52086382,41239016,35945397,856026840,72044880,29135270810,995338,11330790925,6277822,6421251809,68295,8.6270
/home/fyquah/fyp/prod/rundir/2018-02-24T05_01_43.271788Z/opt_data/18/0/execution_stats.sexp,192.168.0.12,0,8011,0,2100045010,185,300000186,540491776,540491776,300000186,240491590,240000070,0,28,2,5721905823,1175281,5721905823,1175281,751275,1131123,5715398834,7549,780,35343902739,55743088077,5698790366,1091773,849070,1010130,5644985130,4573,565,32406690256,55279232044,381232773,11233142774,6398894008,53502388,39157354,34257708,856000953,72004813,29133936219,1010251,11342398224,6279520,6443038600,68276,8.6339
/home/fyquah/fyp/prod/rundir/2018-02-24T05_01_43.271788Z/opt_data/23/0/execution_stats.sexp,192.168.0.12,0,8011,0,2100045010,185,300000186,540491776,540491776,300000186,240491590,240000070,0,28,2,5721795828,1186717,5721795828,1186717,676393,1044640,5712667612,7654,735,32515447228,55745260491,5708021558,1418023,856982,1346303,5706173752,6513,527,32697771804,55556224565,386880454,11281946471,6412652863,51980254,38344852,34975262,860415616,72767408,29278905544,1065592,11294407232,6306234,6424377336,68332,8.6339
/home/fyquah/fyp/prod/rundir/2018-02-24T05_01_43.271788Z/opt_data/24/0/execution_stats.sexp,192.168.0.12,0,8011,0,2100045010,185,300000186,540491776,540491776,300000186,240491590,240000070,0,28,2,5722297227,1273663,5722297227,1273663,714661,1000109,5716113719,4687,958,32682885003,55747490319,5737533032,1600534,867187,1489928,5731653076,5534,608,32714601924,55493796438,392291860,11246700636,6381795024,53613499,40455212,35262366,856042514,70046516,29135197072,964569,11289666837,7382762,6446042932,68355,8.6684
/home/fyquah/fyp/prod/rundir/2018-02-24T05_01_43.271788Z/opt_data/30/0/execution_stats.sexp,192.168.0.12,0,8011,0,2100045010,185,300000186,540491776,540491776,300000186,240491590,240000070,0,28,2,5722869373,1180324,5722869373,1180324,668200,1035799,5711365065,4420,847,32516880014,55752777809,5650188293,1089406,876892,1255270,5689046930,4748,942,33695516571,55400709394,384158535,11256828221,6452762370,53471326,39733192,35223237,890893532,71870189,30315093835,1004330,11314054872,6376666,6384033812,68295,8.6355
/home/fyquah/fyp/prod/rundir/2018-02-24T05_01_43.271788Z/opt_data/33/0/execution_stats.sexp,192.168.0.12,0,8011,0,2100045010,185,300000186,540491776,540491776,300000186,240491590,240000070,0,28,2,5718334267,1176872,5718334267,1176872,679785,925481,5716056656,5582,2128,32520247078,55741768541,5655196790,1247514,856772,1192966,5678260132,4840,688,32400898070,55359715570,383281800,11248530264,6425207872,53294805,39194258,34279772,855982921,70851764,29135181196,1000359,11322801120,6321622,6384321731,68295,8.6265
/home/fyquah/fyp/prod/rundir/2018-02-24T05_01_43.271788Z/opt_data/43/0/execution_stats.sexp,192.168.0.12,0,8011,0,2100045010,185,300000186,540491776,540491776,300000186,240491590,240000070,0,28,2,5723136402,1189634,5723136402,1189634,686363,1061624,5708946587,4121,546,32515702773,55739985535,5681225114,1030824,855456,989279,5647317938,11000,548,32400252502,55265459917,381503738,11230792336,6410590973,57040474,39117584,34346940,855866796,71992530,29129497067,1004484,11342061892,6290906,6447306900,68276,8.6400
/home/fyquah/fyp/prod/rundir/2018-02-24T05_01_43.271788Z/opt_data/51/0/execution_stats.sexp,192.168.0.12,0,8011,0,2100045010,185,300000186,540491776,540491776,300000186,240491590,240000070,0,28,2,5731188327,1213908,5731188327,1213908,675039,1057514,5704186956,5169,586,32521375632,55750066288,5669382183,1174847,882386,1025042,5645728843,6513,634,32403345014,55280732501,381199020,11233876624,6405199973,54213848,39251937,34361268,856006418,72047542,29135390431,994030,11341422919,6291926,6443404068,68276,8.9975
/home/fyquah/fyp/prod/rundir/2018-02-24T05_01_43.271788Z/opt_data/62/0/execution_stats.sexp,192.168.0.12,0,8011,0,2100045010,185,300000186,540491776,540491776,300000186,240491590,240000070,0,28,2,5722626042,1184522,5722626042,1184522,665123,1108389,5711149047,5307,492,32509032135,55750968324,5696991890,1480413,838492,1372200,5702523734,4932,608,33740070260,55433975786,389641716,11277959194,6441387060,55067093,39109173,34357754,890570484,71130772,30284388534,995634,11249829592,6267937,6393856326,68316,8.6240
/home/fyquah/fyp/prod/rundir/2018-02-24T05_01_43.271788Z/opt_data/75/0/execution_stats.sexp,192.168.0.12,0,8011,0,2100045010,185,300000186,540491776,540491776,300000186,240491590,240000070,0,28,2,5718263213,1190702,5718263213,1190702,665745,963280,5712504157,9604,627,32515146551,55722856637,5685781195,1144654,873389,1062557,5668802976,6112,901,32404734374,55273597128,381345889,11231408266,6412444540,53895909,40991757,35943610,856046621,72349834,29135323756,1007479,11333915354,8511348,6422583810,68355,8.6270
/home/fyquah/fyp/prod/rundir/2018-02-24T05_01_43.271788Z/opt_data/76/0/execution_stats.sexp,192.168.0.12,0,8011,0,2100045010,185,300000186,540491776,540491776,300000186,240491590,240000070,0,28,2,5727195595,1272818,5727195595,1272818,715423,1092816,5708471538,4850,717,32663625815,55764490172,5739610732,1419190,884347,1284843,5704960260,5954,6504,33883308908,55328914532,386689742,11185104467,6364709655,51672514,39096313,34181772,891133784,70537634,30328301624,1000086,11311633434,6335400,6463412332,68355,8.6685
/home/fyquah/fyp/prod/rundir/2018-02-24T05_01_43.271788Z/opt_data/77/0/execution_stats.sexp,192.168.0.12,0,8011,0,2100045010,185,300000186,540491776,540491776,300000186,240491590,240000070,0,28,2,5723388495,1275190,5723388495,1275190,660933,1114658,5708708475,4530,499,32665646029,55746319916,5736937208,1588496,855472,1481936,5733257806,4378,634,32708930678,55481287897,392506698,11238603898,6378110917,54806133,38577422,34265697,855994304,69838974,29134478619,963322,11290252356,6268743,6455489750,68355,8.6619
/home/fyquah/fyp/prod/rundir/2018-02-24T05_01_43.271788Z/opt_data/92/0/execution_stats.sexp,192.168.0.12,0,8011,0,2100045010,185,300000186,540491776,540491776,300000186,240491590,240000070,0,28,2,5717919010,1225877,5717919010,1225877,675195,1068126,5719636240,4068,349,32556772043,55773687409,5701488072,1226946,846344,1013960,5644930810,5220,526,32407631658,55284269362,381136180,11234619274,6402271396,52741228,39216119,34316441,856049796,72007221,29134815684,996670,11342679660,6277888,6442725990,68276,8.6234
/home/fyquah/fyp/prod/rundir/2018-02-24T05_01_43.271788Z/opt_data/94/0/execution_stats.sexp,192.168.0.12,0,8011,0,2100045010,185,300000186,540491776,540491776,300000186,240491590,240000070,0,28,2,5721599025,1262841,5721599025,1262841,688620,939659,5711897472,10046,319,32563883965,55753835249,5726101058,1452495,907324,1283850,5687643622,5257,729,33728187276,55378137889,386546179,11237086468,6385395314,52392908,39207404,34596452,886715770,71688292,30178262520,986081,11303747486,6315922,6452423970,68256,8.6354
/home/fyquah/fyp/prod/rundir/2018-02-24T05_01_43.271788Z/opt_data/106/0/execution_stats.sexp,192.168.0.12,0,8011,0,2100045010,185,300000186,540491776,540491776,300000186,240491590,240000070,0,28,2,5721541563,1183258,5721541563,1183258,657735,1029648,5709670735,7154,362,32524736559,55744511941,5651570911,1196282,858201,1200992,5675981896,5140,423,32392155035,55367691174,383580028,11250507368,6430524978,56302761,39137952,34275908,856041363,71595832,29135445498,1019586,11323380954,6321960,6384235934,68332,8.6274
/home/fyquah/fyp/prod/rundir/2018-02-24T05_01_43.271788Z/opt_data/131/0/execution_stats.sexp,192.168.0.12,0,8011,0,2100045010,185,300000186,540491776,540491776,300000186,240491590,240000070,0,28,2,5721605152,1185064,5721605152,1185064,661239,1047285,5710279544,4766,670,32519380916,55748250964,5635339759,1024382,853624,1170432,5677164287,5194,532,32399733386,55371729406,382963348,11248660089,6444202151,59549850,39556668,34662088,855784249,71871314,29128049683,986922,11328183276,6307216,6383796232,68332,8.9678
/home/fyquah/fyp/prod/rundir/2018-02-24T05_01_43.271788Z/opt_data/136/0/execution_stats.sexp,192.168.0.12,0,8011,0,2100045010,185,300000186,540491776,540491776,300000186,240491590,240000070,0,28,2,5723502896,1189289,5723502896,1189289,675566,910079,5705331206,4301,773,32517800314,55749356013,5658862169,1015350,848104,1056026,5658120235,4618,510,32398455347,55317491554,381491656,11238605835,6424832994,58663112,41107634,36117972,855800106,73174296,29128581304,1050696,11334061204,8316050,6417621412,68332,8.6285
/home/fyquah/fyp/prod/rundir/2018-02-24T05_01_43.271788Z/opt_data/138/0/execution_stats.sexp,192.168.0.12,0,8011,0,2100045010,185,300000186,540491776,540491776,300000186,240491590,240000070,0,28,2,5729387752,1183379,5729387752,1183379,706290,889496,5707318960,8197,780,32551473738,55783270885,5653044264,1231718,847794,1247833,5681731879,5883,664,32408011787,55375807342,383912224,11253900092,6426454266,55262100,39232898,34241130,856010087,71758040,29131070682,1002218,11318892116,6320616,6386783486,68332,8.6344
/home/fyquah/fyp/prod/rundir/2018-02-24T05_01_43.271788Z/opt_data/159/0/execution_stats.sexp,192.168.0.12,0,8011,0,2100045010,185,300000186,540491776,540491776,300000186,240491590,240000070,0,28,2,5727679412,1312025,5727679412,1312025,678212,1155379,5700547899,4163,515,32525122831,55716915460,5664529512,1197101,864720,1161708,5660218338,4810,600,33903354090,55321302826,381695900,11243376976,6403041908,56259578,38930556,34303020,895477834,72654386,30477390600,1012436,11328984369,6661292,6422383532,68256,9.2540
/home/fyquah/fyp/prod/rundir/2018-02-24T05_01_43.271788Z/opt_data/160/0/execution_stats.sexp,192.168.0.12,0,8011,0,2100045010,185,300000186,540491776,540491776,300000186,240491590,240000070,0,28,2,5721509158,1196559,5721509158,1196559,724920,1104812,5714148599,4562,587,32481376825,55747422043,5658077679,1363846,872126,1313656,5690727486,4594,999,32405471317,55419597862,384854106,11263001217,6443214370,58845502,41005102,35877246,856030418,72833592,29118822170,1002264,11313092963,7506057,6384780190,68238,8.9646
/home/fyquah/fyp/prod/rundir/2018-02-24T05_01_43.271788Z/opt_data/166/0/execution_stats.sexp,192.168.0.12,0,8011,0,2100045010,185,300000186,540491776,540491776,300000186,240491590,240000070,0,28,2,5717185965,1200712,5717185965,1200712,683468,1147835,5714555323,3759,720,32477261665,55737452497,5673665544,1431696,867444,1367048,5695876072,4704,1051,32405980320,55389196220,387864548,11267713950,6433039038,55330018,39177728,34180844,856038498,71729939,29110207236,1000466,11301963438,6324256,6380873894,68256,8.6210
/home/fyquah/fyp/prod/rundir/2018-02-24T05_01_43.271788Z/opt_data/176/0/execution_stats.sexp,192.168.0.12,0,8011,0,2100045010,185,300000186,540491776,540491776,300000186,240491590,240000070,0,28,2,5729621059,1285261,5729621059,1285261,674712,1137799,5699734965,4097,393,32527265710,55737590624,5749810464,1479424,867250,1266158,5706773414,6340,808,33943839532,55337736492,385735028,11225459154,6354895345,52155266,39634682,34717836,895468248,71794134,30476858680,986423,11303240966,6512850,6467270515,68256,8.6399
