/home/fyquah/fyp/prod/rundir/2018-02-20T01_58_03.272533Z/opt_data/initial/0/execution_stats.sexp,192.168.0.12,3377,59628,2,15188600358,409318,409318,565248,73728,203,73525,38355,0,58,1,26366631243,547717,26366631243,547717,1219417,551231,26350518227,5326,398,48076556304,131815168487,26332749600,737476,1362410,631108,26342740514,5430,948,48054362027,131759804638,1908678076,32450677864,24346126964,265417206,2350570,6397,1259864646,190605746,42865552918,1596206,32345559230,3775014,24278919614,N/A,12.7139
/home/fyquah/fyp/prod/rundir/2018-02-20T01_58_03.272533Z/opt_data/initial/1/execution_stats.sexp,192.168.0.10,3377,59628,2,15188600358,409318,409318,565248,73728,203,73525,38355,0,58,1,26362396667,557610,26362396667,557610,1209959,556947,26350870782,19773,425,48049808884,131750745023,26306707274,736933,1367540,633550,26352541298,5432,1543,48059077337,131734714948,1908391642,32443297144,24341110922,268284106,2119577,7260,1259700924,192175079,42859365722,1549865,32334089512,3778649,24269090556,N/A,12.7285
/home/fyquah/fyp/prod/rundir/2018-02-20T01_58_03.272533Z/opt_data/initial/2/execution_stats.sexp,192.168.0.11,3377,59628,2,15188600358,409318,409318,565248,73728,203,73525,38355,0,58,1,26365357622,549697,26365357622,549697,1203587,550697,26340164895,4908,794,48069986905,131810788848,26313945808,725828,1391010,627521,26353560754,6250,692,48062368466,131765635805,1908596671,32446635300,24340278402,261089952,2392680,6532,1259592988,188144448,42858367194,1580700,32337747558,3721271,24275668878,N/A,12.7110
/home/fyquah/fyp/prod/rundir/2018-02-20T01_58_03.272533Z/opt_data/initial/3/execution_stats.sexp,192.168.0.12,3377,59628,2,15188600358,409318,409318,565248,73728,203,73525,38355,0,58,1,26364858933,557716,26364858933,557716,1211444,558794,26335635424,7180,623,48077930385,131809125437,26332399410,730917,1381772,632920,26344437202,6124,850,48051667854,131757221598,1908598575,32448462807,24289288818,264178423,2255345,5746,1259915966,189539244,42864440099,1608748,32343460881,3772282,24280230850,N/A,12.7129
/home/fyquah/fyp/prod/rundir/2018-02-20T01_58_03.272533Z/opt_data/initial/4/execution_stats.sexp,192.168.0.11,3377,59628,2,15188600358,409318,409318,565248,73728,203,73525,38355,0,58,1,26367893067,556889,26367893067,556889,1213353,557887,26329757706,5877,841,48070557729,131804638645,26327526555,736582,1388191,631722,26343729521,10315,762,48052132224,131765421231,1908697869,32368908075,24290872668,268280078,2271266,7110,1259897272,192781464,42867106076,1562154,32353323730,3755872,24283133082,N/A,12.7144
/home/fyquah/fyp/prod/rundir/2018-02-20T01_58_03.272533Z/opt_data/initial/5/execution_stats.sexp,192.168.0.10,3377,59628,2,15188600358,409318,409318,565248,73728,203,73525,38355,0,58,1,26342335047,554067,26342335047,554067,1211708,558687,26351795195,6280,504,48065562994,131652158498,26343823924,738702,1407346,631692,26319501328,9924,509,48035494382,131732663123,1908248306,32449910681,24338087196,263393868,2436121,6419,1259910464,189762951,42867729054,1605688,32348179535,3920496,24271356696,N/A,12.7114
/home/fyquah/fyp/prod/rundir/2018-02-20T01_58_03.272533Z/opt_data/initial/6/execution_stats.sexp,192.168.0.10,3377,59628,2,15188600358,409318,409318,565248,73728,203,73525,38355,0,58,1,26368628002,553069,26368628002,553069,1414813,552063,26333835480,5665,692,48340997932,131813506060,26341460296,740534,1384693,632594,26339978692,4861,444,48067259092,131755481756,1908399402,32443544720,24342080728,267323782,2375438,6100,1259886912,191568818,42866098356,1610356,32336794582,3682640,24273817295,N/A,12.7129
/home/fyquah/fyp/prod/rundir/2018-02-20T01_58_03.272533Z/opt_data/initial/7/execution_stats.sexp,192.168.0.12,3377,59628,2,15188600358,409318,409318,565248,73728,203,73525,38355,0,58,1,26367133549,556381,26367133549,556381,1193633,557324,26336180368,4796,854,48077405176,131817993397,26327987409,740006,1408866,633482,26324435710,8904,492,48057569830,131766279449,1908585030,32450295282,24341282296,267890561,2284850,7282,1259903584,192490834,42866240910,1589268,32337659853,3833162,24268930019,N/A,12.7109
/home/fyquah/fyp/prod/rundir/2018-02-20T01_58_03.272533Z/opt_data/initial/8/execution_stats.sexp,192.168.0.11,3377,59628,2,15188600358,409318,409318,565248,73728,203,73525,38355,0,58,1,26368173700,545121,26368173700,545121,1190928,546244,26328773070,5919,1182,48203934090,131813314574,26318115816,725134,1397182,627960,26340895749,9057,706,48068363636,131775606634,1908825210,32448700308,24343530398,264560666,2350292,7092,1259885289,190263920,42866546510,1594274,32342067274,3805430,24275550120,N/A,12.8537
/home/fyquah/fyp/prod/rundir/2018-02-20T01_58_03.272533Z/opt_data/0/0/execution_stats.sexp,192.168.0.11,3377,59628,2,15188600358,409318,409318,565248,73728,203,73525,38355,0,58,1,26352171215,563499,26352171215,563499,1324032,566977,26348181274,5834,509,48241151804,131686387662,26382376286,851387,1473342,732821,26288557191,8849,980,48086977308,131244435104,1901698092,32338360424,24270727422,256722584,2463274,7696,1268636354,184633454,43163700362,1695122,32405939841,3755564,24318564956,144100,12.7760
/home/fyquah/fyp/prod/rundir/2018-02-20T01_58_03.272533Z/opt_data/0/2/execution_stats.sexp,192.168.0.10,3377,59628,2,15188600358,409318,409318,565248,73728,203,73525,38355,0,58,1,26368017900,551597,26368017900,551597,1272802,557420,26346606270,5007,897,46439474583,131781345211,26272878106,770380,1425276,662966,26317666557,5156,452,46422751850,131774218390,1909657984,32444840597,24360942486,336826110,2128284,12218,1216002197,231586074,41374462784,1632524,32274276820,3649230,24240947513,144233,12.3200
/home/fyquah/fyp/prod/rundir/2018-02-20T01_58_03.272533Z/opt_data/1/0/execution_stats.sexp,192.168.0.11,3377,59628,2,15188600358,409318,409318,565248,73728,203,73525,38355,0,58,1,26348559358,545236,26348559358,545236,1283331,552131,26346072298,5462,443,46506872492,131662596180,26269795692,768320,1458653,659156,26291705318,6009,925,46421910984,131634906821,1907188810,32419531292,24316767830,327628238,2370324,19274,1223759686,228366256,41496971502,1660300,32329964384,3426490,24217122522,144233,12.3210
/home/fyquah/fyp/prod/rundir/2018-02-20T01_58_03.272533Z/opt_data/1/1/execution_stats.sexp,192.168.0.10,3377,59628,2,15188600358,409318,409318,565248,73728,203,73525,38355,0,58,1,26369551746,554918,26369551746,554918,1275129,555596,26346604383,4930,728,46444992792,131807003983,26297630716,774838,1427462,663746,26313885886,5070,867,46415043844,131736985119,1908885183,32439090133,24351312532,336924114,2626142,6722,1216052882,231306494,41375432850,1722318,32273904168,3511684,24240859904,144233,12.2894
/home/fyquah/fyp/prod/rundir/2018-02-20T01_58_03.272533Z/opt_data/4/0/execution_stats.sexp,192.168.0.11,3377,59628,2,15188600358,409318,409318,565248,73728,203,73525,38355,0,58,1,26366552387,560019,26366552387,560019,1408046,561199,26333105097,4924,393,46468744986,131818611552,26273495782,758278,1565744,655202,26288323156,10890,746,46397768170,131630021904,1907829462,32422688363,24341589476,331466966,2217772,14223,1220107298,229032834,41499986444,1772057,32344699682,3770446,24223241550,160859,12.2969
/home/fyquah/fyp/prod/rundir/2018-02-20T01_58_03.272533Z/opt_data/5/0/execution_stats.sexp,192.168.0.11,3377,59628,2,15188600358,409318,409318,565248,73728,203,73525,38355,0,58,1,26366664734,560241,26366664734,560241,1272256,560889,26327174048,6002,1317,46446334811,131808633781,26283458927,762704,1423838,654226,26331024007,6792,1094,46412482554,131735721850,1908787196,32435092010,24346674552,333079666,2386308,13560,1215849554,229260556,41369422430,1798958,32272088083,3563681,24235303941,144233,12.2839
/home/fyquah/fyp/prod/rundir/2018-02-20T01_58_03.272533Z/opt_data/11/1/execution_stats.sexp,192.168.0.11,3377,59628,2,15188600358,409318,409318,565248,73728,203,73525,38355,0,58,1,26366024212,557928,26366024212,557928,1176537,558372,26344163980,4461,569,46099395619,131817243704,26311887851,755041,1332298,647499,26340677208,5116,580,46081575792,131786976043,1908823982,32442324938,24344942116,329577122,2261802,6469,1207080144,227785600,41071020734,1712932,32289436784,3571470,24247803314,144289,12.1989
/home/fyquah/fyp/prod/rundir/2018-02-20T01_58_03.272533Z/opt_data/12/0/execution_stats.sexp,192.168.0.11,3377,59628,2,15188600358,409318,409318,565248,73728,203,73525,38355,0,58,1,26370879910,550903,26370879910,550903,1186382,555308,26347081114,5179,439,46114710063,131816065886,26316852640,775769,1381185,667445,26332684058,14216,952,46080470286,131798503328,1909418812,32447885718,24343164930,332139872,2403653,6576,1207224292,230535711,41076621818,1674630,32298973766,3513326,24256332102,144289,12.2014
/home/fyquah/fyp/prod/rundir/2018-02-20T01_58_03.272533Z/opt_data/13/1/execution_stats.sexp,192.168.0.11,3377,59628,2,15188600358,409318,409318,565248,73728,203,73525,38355,0,58,1,26369763330,562240,26369763330,562240,1465481,567638,26346016325,6973,693,48313667467,131820898782,26361004026,748425,1639374,639328,26232467384,5996,1056,48079696420,131234735270,1901743412,32335877406,24269175878,259175109,2302418,7036,1268443926,186972988,43157465974,1655924,32406401802,3741715,24319873136,160946,12.7794
/home/fyquah/fyp/prod/rundir/2018-02-20T01_58_03.272533Z/opt_data/13/2/execution_stats.sexp,192.168.0.10,3377,59628,2,15188600358,409318,409318,565248,73728,203,73525,38355,0,58,1,26370163373,555313,26370163373,555313,1194004,558765,26344166277,6211,538,46131980657,131812292905,26277811690,772932,1353794,665325,26318770128,4394,746,46087761958,131758847766,1909292608,32442183412,24355403924,337242522,2437008,7666,1207299820,231805115,41077968849,1725032,32280327964,3678562,24236671124,148094,12.2044
/home/fyquah/fyp/prod/rundir/2018-02-20T01_58_03.272533Z/opt_data/19/1/execution_stats.sexp,192.168.0.11,3377,59628,2,15188600358,409318,409318,565248,73728,203,73525,38355,0,58,1,26345908673,548180,26345908673,548180,1175199,553136,26351585678,5250,1362,46104043403,131667182542,26273054761,764983,1306558,669028,26316057588,5584,938,46081650470,131789652493,1909051588,32447954879,24361297820,335579912,2456086,6210,1207275850,231093298,41077949790,1665978,32291082486,3557916,24245073642,144289,12.1959
/home/fyquah/fyp/prod/rundir/2018-02-20T01_58_03.272533Z/opt_data/20/2/execution_stats.sexp,192.168.0.11,3377,59628,2,15188600358,409318,409318,565248,73728,203,73525,38355,0,58,1,26350766774,548705,26350766774,548705,1151465,555573,26349690192,5904,864,46048592151,131693002248,26322667414,745777,1335824,635848,26332401017,8234,654,46087684604,131793303066,1909113165,32444625124,24341184276,335532480,2352880,8474,1207236240,232183364,41075853394,1634994,32288847076,3497211,24249273310,144289,12.1999
/home/fyquah/fyp/prod/rundir/2018-02-20T01_58_03.272533Z/opt_data/21/0/execution_stats.sexp,192.168.0.11,3377,59628,2,15188600358,409318,409318,565248,73728,203,73525,38355,0,58,1,26364243157,610254,26364243157,610254,1188205,609363,26353131789,5240,1039,46094262576,131801837703,26284241434,1099873,1344343,991650,26310756264,13209,906,46089614260,131720280744,1908330170,32434079106,24334966318,336969638,2250143,9690,1211062558,233114294,41078040152,1665036,32273958218,3523412,24238669183,144289,12.1979
/home/fyquah/fyp/prod/rundir/2018-02-20T01_58_03.272533Z/opt_data/23/2/execution_stats.sexp,192.168.0.11,3377,59628,2,15188600358,409318,409318,565248,73728,203,73525,38355,0,58,1,26370746755,591552,26370746755,591552,1199186,594293,26345490107,5420,531,46535348228,131815116118,26263681996,786636,1353342,676752,26268441773,5470,503,46402857688,131524906956,1906089279,32400501459,24320056396,332309574,2300990,6704,1224470400,230412351,41634722918,1812016,32414640066,3660896,24208797233,144274,12.3164
/home/fyquah/fyp/prod/rundir/2018-02-20T01_58_03.272533Z/opt_data/30/0/execution_stats.sexp,192.168.0.11,3377,59628,2,15188600358,409318,409318,565248,73728,203,73525,38355,0,58,1,26346970237,586448,26346970237,586448,1178192,592270,26344677542,5943,576,46099009492,131653063474,26301126256,743837,1318964,635871,26341960774,5070,586,46081393871,131791318368,1908943140,32445265839,24345931261,334473977,2349962,6929,1207054036,231099724,41068840990,1684404,32282689804,3593423,24248849322,144289,12.2029
/home/fyquah/fyp/prod/rundir/2018-02-20T01_58_03.272533Z/opt_data/37/1/execution_stats.sexp,192.168.0.11,3377,59628,2,15188600358,409318,409318,565248,73728,203,73525,38355,0,58,1,26348773719,557255,26348773719,557255,1273738,563566,26350089197,5314,527,47224782431,131678327272,26245486086,774210,1414528,664066,26254859601,4686,421,47088955600,131444049449,1905411786,32369579888,24294307752,310591790,1963829,7736,1242328529,219506826,42254117763,2128142,32440253982,4507294,24204230706,143480,12.4995
/home/fyquah/fyp/prod/rundir/2018-02-20T01_58_03.272533Z/opt_data/39/0/execution_stats.sexp,192.168.0.11,3377,59628,2,15188600358,409318,409318,565248,73728,203,73525,38355,0,58,1,26353619927,572858,26353619927,572858,1313264,578224,26351075540,5149,389,46074457339,131710133880,26271696083,747448,1454276,646787,26309237656,6188,1300,46080181492,131730008210,1908902092,32442352246,24360686152,340541429,2127412,8686,1207278560,232788392,41077465481,1696517,32279923018,3607168,24243341791,144438,12.2298
/home/fyquah/fyp/prod/rundir/2018-02-20T01_58_03.272533Z/opt_data/43/0/execution_stats.sexp,192.168.0.11,3377,59628,2,15188600358,409318,409318,565248,73728,203,73525,38355,0,58,1,26367642588,555541,26367642588,555541,1359069,558560,26349834408,6636,1123,48322207197,131818234826,26387775238,765262,1597836,650241,26350547886,9886,1388,48086697612,131209358886,1902238836,32328229640,24256900420,263114527,2392683,6858,1268625554,190385348,43163532140,1946343,32399893744,4245074,24317946362,143105,12.7815
/home/fyquah/fyp/prod/rundir/2018-02-20T01_58_03.272533Z/opt_data/44/0/execution_stats.sexp,192.168.0.11,3377,59628,2,15188600358,409318,409318,565248,73728,203,73525,38355,0,58,1,26353763965,550152,26353763965,550152,1182718,557109,26351438749,5155,466,46068955231,131716891794,26279123987,772312,1326874,666015,26320206577,7330,906,46088427282,131796321035,1909625186,32447372664,24359738754,337561534,2317358,7332,1207266482,232809846,41076067341,1682141,32283502742,3595116,24247961726,144289,12.1979
/home/fyquah/fyp/prod/rundir/2018-02-20T01_58_03.272533Z/opt_data/46/0/execution_stats.sexp,192.168.0.11,3377,59628,2,15188600358,409318,409318,565248,73728,203,73525,38355,0,58,1,26365133098,592435,26365133098,592435,1202366,597424,26345593369,5938,616,46031421929,131754118146,26310726118,753818,1318483,642810,26317586191,4971,610,46024511635,131649394750,1907281304,32426362069,24322970253,335004202,2395354,12532,1211038187,232253517,41192000412,1678300,32289967905,3604248,24241560256,144289,12.2004
/home/fyquah/fyp/prod/rundir/2018-02-20T01_58_03.272533Z/opt_data/50/2/execution_stats.sexp,192.168.0.11,3377,59628,2,15188600358,409318,409318,565248,73728,203,73525,38355,0,58,1,26369734205,561917,26369734205,561917,1297699,562719,26325757054,6169,497,46571736952,131811095336,26259006237,752586,1434736,644500,26296293554,5142,1254,46414685140,131674027364,1908514618,32431996404,24331829192,332226514,2452306,18248,1223307922,230893472,41374714484,1835962,32260018536,3865383,24229682770,144359,12.2964
/home/fyquah/fyp/prod/rundir/2018-02-20T01_58_03.272533Z/opt_data/54/1/execution_stats.sexp,192.168.0.11,3377,59628,2,15188600358,409318,409318,565248,73728,203,73525,38355,0,58,1,26358126958,562605,26358126958,562605,1442158,569307,26345615053,6215,279,46335513439,131714584222,26324254846,734998,1576344,639186,26352853864,5947,826,46368819725,131470402318,1905781216,32374002024,24306283892,343932210,1664096,6788,1216101289,238068906,41377323054,2121927,32330671618,4538728,24276332546,144707,12.2779
/home/fyquah/fyp/prod/rundir/2018-02-20T01_58_03.272533Z/opt_data/54/2/execution_stats.sexp,192.168.0.10,3377,59628,2,15188600358,409318,409318,565248,73728,203,73525,38355,0,58,1,26363172949,546725,26363172949,546725,1281616,551728,26347027310,6563,567,48305395992,131816443303,26356212786,774196,1392555,658705,26229202728,7484,602,48081178570,131255354919,1901818404,32339846739,24271456173,254342872,2264259,6476,1268494226,183619257,43159062786,1687259,32410008150,3591515,24322738151,144421,12.7774
/home/fyquah/fyp/prod/rundir/2018-02-20T01_58_03.272533Z/opt_data/55/2/execution_stats.sexp,192.168.0.10,3377,59628,2,15188600358,409318,409318,565248,73728,203,73525,38355,0,58,1,26368114796,550530,26368114796,550530,1229344,553527,26342274410,6056,551,46016979587,131820014302,26369638360,758084,1395793,663296,26376147420,5297,669,45747690230,131158115184,1901135148,32309087069,24249678978,344542238,2510058,6952,1207047882,236975271,41070267492,1709288,32350321949,3632154,24298660216,133173,12.1749
/home/fyquah/fyp/prod/rundir/2018-02-20T01_58_03.272533Z/opt_data/56/0/execution_stats.sexp,192.168.0.10,3377,59628,2,15188600358,409318,409318,565248,73728,203,73525,38355,0,58,1,26352963786,597187,26352963786,597187,1160506,602817,26350053828,5841,1305,46065552123,131700528652,26277626582,761518,1349576,657226,26344409386,5904,722,46082022285,131790625267,1908858295,32442660806,24351700228,336630308,2241502,8154,1207117208,232283254,41072239523,1649666,32290291253,3427394,24249948030,144289,12.1989
/home/fyquah/fyp/prod/rundir/2018-02-20T01_58_03.272533Z/opt_data/56/1/execution_stats.sexp,192.168.0.11,3377,59628,2,15188600358,409318,409318,565248,73728,203,73525,38355,0,58,1,26346776007,605558,26346776007,605558,1184159,611924,26347332895,7051,644,46097885029,131655410414,26269200359,753156,1346062,653642,26330301697,8365,837,46081016486,131778029464,1909012394,32442074960,24352627282,337410410,2251238,9357,1207039818,232470790,41069869589,1700722,32282205446,3489543,24241506412,144289,12.1985
/home/fyquah/fyp/prod/rundir/2018-02-20T01_58_03.272533Z/opt_data/59/1/execution_stats.sexp,192.168.0.10,3377,59628,2,15188600358,409318,409318,565248,73728,203,73525,38355,0,58,1,26356340944,559086,26356340944,559086,1221047,566142,26350494465,13991,365,46321453251,131721556419,26339700964,758841,1352425,654759,26360925285,9336,712,46359896481,131474506972,1904623180,32287804278,24231872452,333713296,2254369,7392,1216035278,230608671,41376087740,1551644,32339516096,3314834,24287096278,144289,12.2620
/home/fyquah/fyp/prod/rundir/2018-02-20T01_58_03.272533Z/opt_data/66/1/execution_stats.sexp,192.168.0.10,3377,59628,2,15188600358,409318,409318,565248,73728,203,73525,38355,0,58,1,26359060023,561046,26359060023,561046,1162159,565366,26349347939,5508,288,46336353759,131738096097,26359724608,777419,1349134,677991,26359960292,10018,682,46363977583,131814999231,1909679949,32289402568,24227090650,331204108,2438600,7666,1216079656,230186160,41375724840,1592320,32329965348,3585916,24283261604,144289,12.2740
/home/fyquah/fyp/prod/rundir/2018-02-20T01_58_03.272533Z/opt_data/71/2/execution_stats.sexp,192.168.0.10,3377,59628,2,15188600358,409318,409318,565248,73728,203,73525,38355,0,58,1,26357299936,554527,26357299936,554527,1103416,560000,26346579201,6472,353,46309681441,131706964760,26349082706,791508,1256057,682199,26363590174,5130,512,46215008652,131145703612,1900619760,32304848432,24236363272,321518212,2252265,7461,1216038802,224365093,41375464220,1602824,32351988983,3477344,24283260754,144339,12.2630
/home/fyquah/fyp/prod/rundir/2018-02-20T01_58_03.272533Z/opt_data/73/1/execution_stats.sexp,192.168.0.10,3377,59628,2,15188600358,409318,409318,565248,73728,203,73525,38355,0,58,1,26363409028,568394,26363409028,568394,1339925,571348,26348368896,5654,672,46308734277,131738103082,26370096228,748110,1492800,650210,26361659430,6680,611,46216287798,131127966380,1900038027,32294755512,24229620394,339090372,2084370,6682,1216022696,234509530,41375686370,1791694,32346085497,3715884,24291017137,144459,12.2670
/home/fyquah/fyp/prod/rundir/2018-02-20T01_58_03.272533Z/opt_data/78/1/execution_stats.sexp,192.168.0.10,3377,59628,2,15188600358,409318,409318,565248,73728,203,73525,38355,0,58,1,26359985728,566636,26359985728,566636,1192129,569317,26353615391,10704,830,46453529781,131807158409,26341022320,748354,1364044,641211,26327578462,10497,736,46422314340,131783720512,1909823346,32436869621,24320285699,332573996,2284696,6488,1216035955,230923666,41376017696,1973930,32288747891,3978032,24249367047,137979,12.2889
/home/fyquah/fyp/prod/rundir/2018-02-20T01_58_03.272533Z/opt_data/83/1/execution_stats.sexp,192.168.0.10,3377,59628,2,15188600358,409318,409318,565248,73728,203,73525,38355,0,58,1,26368785430,556448,26368785430,556448,1379988,559874,26345793815,5660,1098,48313336074,131808156974,26369383820,770339,1566388,651072,26351738400,5638,998,48087225558,131225351698,1902369792,32333784346,24266812853,260923400,2311024,7184,1268669713,188675930,43164820722,1856453,32404984945,4102100,24321554674,143105,12.7844
/home/fyquah/fyp/prod/rundir/2018-02-20T01_58_03.272533Z/opt_data/83/2/execution_stats.sexp,192.168.0.11,3499,59689,2,15188600724,408997,408997,565248,73728,176,73551,47017,1,51,1,26350975429,557195,26350975429,557195,1274398,564602,26350694207,5056,468,48230013260,131695536116,26357291446,771798,1448400,663092,26242214866,5188,837,48080825710,131281312090,1902118391,32345423571,24275910596,253920165,2521288,6685,1268467976,183396950,43158694420,1585728,32418373170,3581119,24322990030,144274,12.7744
/home/fyquah/fyp/prod/rundir/2018-02-20T01_58_03.272533Z/opt_data/91/1/execution_stats.sexp,192.168.0.10,3377,59628,2,15188600358,409318,409318,565248,73728,203,73525,38355,0,58,1,26369434777,1249503,26369434777,1249503,1216107,1250485,26343038367,5320,781,46132916001,131809659367,26297730781,777099,1370262,667672,26332816975,22174,703,46084540286,131813020419,1909530212,32446255948,24339210921,330175185,2388366,5899,1207251730,229263302,41077265840,1732517,32300007714,3627552,24257942464,144289,12.2014
/home/fyquah/fyp/prod/rundir/2018-02-20T01_58_03.272533Z/opt_data/95/0/execution_stats.sexp,192.168.0.10,3377,59628,2,15188600358,409318,409318,565248,73728,203,73525,38355,0,58,1,26361573784,616831,26361573784,616831,1210760,620979,26349176359,88695,632,47401324976,131740954887,26309395992,753584,1339784,646204,26295621054,6132,1046,47371280342,131643897162,1907303818,32437262611,24328244332,267899362,2148063,12924,1246017324,192515646,42271288656,1579784,32323574997,3940059,24260847432,144320,12.5499
/home/fyquah/fyp/prod/rundir/2018-02-20T01_58_03.272533Z/opt_data/101/0/execution_stats.sexp,192.168.0.10,3377,59628,2,15188600358,409318,409318,565248,73728,203,73525,38355,0,58,1,26368813196,566851,26368813196,566851,1198076,573368,26347492930,6459,1080,48287593977,131803929264,26372795724,768543,1345030,657624,26225364646,5556,591,48087700476,131296922327,1902227006,32347244790,24277889526,257263526,2431286,7234,1268629344,184968644,43164499642,1617345,32422506913,3585032,24327887048,144339,12.7790
/home/fyquah/fyp/prod/rundir/2018-02-20T01_58_03.272533Z/opt_data/105/0/execution_stats.sexp,192.168.0.10,3377,59628,2,15188600358,409318,409318,565248,73728,203,73525,38355,0,58,1,26367032599,551542,26367032599,551542,1258037,557048,26348943431,6687,745,46405920336,131839002830,26309926421,755275,1435322,649042,26353844398,5444,734,46385225838,131837490821,1910714491,32452662856,24229863176,337971862,1823086,7058,1216074122,234777103,41377014297,2103358,32326515452,4216344,24277203283,140737,12.2715
/home/fyquah/fyp/prod/rundir/2018-02-20T01_58_03.272533Z/opt_data/105/1/execution_stats.sexp,192.168.0.11,3377,59628,2,15188600358,409318,409318,565248,73728,203,73525,38355,0,58,1,26366913456,589678,26366913456,589678,1200247,589793,26345057727,10005,477,46066949020,131817251234,26281628964,765179,1347500,657588,26343444735,5901,612,46075091595,131800852124,1909343406,32447277354,24352975212,330887109,2268088,7840,1207102019,229397056,41071483208,1704081,32293262900,3488514,24246502936,144289,12.2004
/home/fyquah/fyp/prod/rundir/2018-02-20T01_58_03.272533Z/opt_data/108/2/execution_stats.sexp,192.168.0.10,3377,59628,2,15188600358,409318,409318,565248,73728,203,73525,38355,0,58,1,26365762474,589839,26365762474,589839,1248288,589865,26350620604,4634,699,46454214570,131795767494,26283016774,754946,1407146,647722,26313866090,6000,386,46422008492,131746939814,1909352778,32438412978,24355458326,334208873,2233860,7823,1216070328,229852858,41376715238,1876784,32277805938,3752678,24240921268,144334,12.2880
/home/fyquah/fyp/prod/rundir/2018-02-20T01_58_03.272533Z/opt_data/109/1/execution_stats.sexp,192.168.0.10,3377,59628,2,15188600358,409318,409318,565248,73728,203,73525,38355,0,58,1,26359636115,551510,26359636115,551510,1249299,556581,26349461470,34953,992,46111915313,131812717816,26333780680,753942,1315584,643038,26328062081,5697,832,46088672010,131790571674,1908956586,32440380453,24332485735,336150468,2326585,6389,1207290376,232722703,41078234381,1678304,32290769978,3621486,24249880522,144289,12.1999
/home/fyquah/fyp/prod/rundir/2018-02-20T01_58_03.272533Z/opt_data/111/2/execution_stats.sexp,192.168.0.10,3377,59628,2,15188600358,409318,409318,565248,73728,203,73525,38355,0,58,1,26351952995,553139,26351952995,553139,1244397,559126,26348471546,5368,860,46382879446,131694259479,26341864190,896984,1439574,788784,26356262486,5988,850,46386830973,131823213946,1910499187,32446668790,24274134738,339736416,1809214,7018,1216054912,235995201,41376281055,2087514,32322676380,4313096,24273971412,140737,12.2729
/home/fyquah/fyp/prod/rundir/2018-02-20T01_58_03.272533Z/opt_data/116/2/execution_stats.sexp,192.168.0.10,3377,59628,2,15188600358,409318,409318,565248,73728,203,73525,38355,0,58,1,26362418270,555271,26362418270,555271,1344058,563118,26343994998,6975,727,46444837525,131728619398,26296941218,768775,1528938,654874,26299320429,7634,1018,46415578848,131647788588,1907935005,32424845404,24321021061,333111847,2530186,11268,1219790172,230821412,41376188972,1918255,32257963460,3863190,24226038254,144361,12.2994
/home/fyquah/fyp/prod/rundir/2018-02-20T01_58_03.272533Z/opt_data/119/0/execution_stats.sexp,192.168.0.10,3377,59628,2,15188600358,409318,409318,565248,73728,203,73525,38355,0,58,1,26363428533,553077,26363428533,553077,1243622,553184,26352388661,15425,506,46508621158,131806156785,26264764537,741744,1357296,635910,26291033765,6462,684,46422645138,131625681550,1907158164,32416618297,24323425427,333173920,2276094,17662,1223880248,231261054,41614619986,1680042,32235863720,3617048,24216061990,144342,12.3069
/home/fyquah/fyp/prod/rundir/2018-02-20T01_58_03.272533Z/opt_data/120/0/execution_stats.sexp,192.168.0.10,3377,59628,2,15188600358,409318,409318,565248,73728,203,73525,38355,0,58,1,26350386647,554470,26350386647,554470,1174787,561254,26345352887,6589,822,46107180627,131678618634,26297716184,781764,1317512,671670,26326167176,5502,1176,46087543816,131799217388,1909247504,32446302288,24351132618,336753556,2276180,7314,1207289691,232535168,41076511198,1743922,32281410321,3485172,24249842748,144289,12.1979
/home/fyquah/fyp/prod/rundir/2018-02-20T01_58_03.272533Z/opt_data/120/1/execution_stats.sexp,192.168.0.11,3377,59628,2,15188600358,409318,409318,565248,73728,203,73525,38355,0,58,1,26365157834,632268,26365157834,632268,1293790,637589,26347721398,8721,468,47394043628,131754022544,26301323732,782622,1479903,676228,26319313658,8969,1078,47417837688,131766446620,1908535494,32437791360,24334284392,270111692,2306440,7882,1242362960,194057499,42269978005,1574012,32330929866,3905260,24267490072,144228,12.5474
/home/fyquah/fyp/prod/rundir/2018-02-20T01_58_03.272533Z/opt_data/122/0/execution_stats.sexp,192.168.0.11,3377,59628,2,15188600358,409318,409318,565248,73728,203,73525,38355,0,58,1,26371861815,761956,26371861815,761956,1431354,761336,26325734718,17876,1113,46158715772,131809173225,26270234795,748675,1516569,647454,26293688174,5366,772,46087895075,131642908360,1908887998,32423007416,24343151885,346032266,2211276,16854,1214750136,238846888,41076248727,2013290,32251668944,4310416,24220166134,143441,12.2154
/home/fyquah/fyp/prod/rundir/2018-02-20T01_58_03.272533Z/opt_data/124/1/execution_stats.sexp,192.168.0.11,3377,59628,2,15188600358,409318,409318,565248,73728,203,73525,38355,0,58,1,26348183057,546706,26348183057,546706,1387594,555899,26349176858,8319,999,48312853794,131674618148,26365838582,773662,1570293,654838,26351931536,6488,1094,48084078277,131216548263,1902209918,32329981004,24267060485,263908438,2378638,6738,1268668774,190967701,43164954193,1946608,32404731667,4200286,24320293312,143105,12.7804
/home/fyquah/fyp/prod/rundir/2018-02-20T01_58_03.272533Z/opt_data/127/0/execution_stats.sexp,192.168.0.11,3377,59628,2,15188600358,409318,409318,565248,73728,203,73525,38355,0,58,1,26348061053,550321,26348061053,550321,1165045,555812,26350871217,5023,504,46108747484,131678348364,26293580713,762472,1363200,653198,26323788552,17837,736,46086767861,131778675692,1909124868,32439441556,24344254006,335987395,2339430,6466,1207253578,231532958,41076799758,1709388,32288010822,3550020,24247246080,144289,12.1914
/home/fyquah/fyp/prod/rundir/2018-02-20T01_58_03.272533Z/opt_data/133/1/execution_stats.sexp,192.168.0.11,3377,59628,2,15188600358,409318,409318,565248,73728,203,73525,38355,0,58,1,26350096146,560024,26350096146,560024,1266281,569470,26350925014,9202,592,48255868435,131695851609,26371425416,760126,1456938,651303,26215732446,7175,864,48086247306,131251189888,1902102141,32339901881,24272887727,256212572,2424336,6554,1268663428,185320711,43164199121,1714044,32410125595,3792610,24318382178,144234,12.7815
/home/fyquah/fyp/prod/rundir/2018-02-20T01_58_03.272533Z/opt_data/134/0/execution_stats.sexp,192.168.0.11,3377,59628,2,15188600358,409318,409318,565248,73728,203,73525,38355,0,58,1,26368752203,580380,26368752203,580380,1413743,581106,26340122057,12236,614,48078575519,131809995080,26290362338,755112,1553671,643822,26315596890,8074,1382,48062297388,131592987102,1906090154,32413390342,24323804112,259539468,2450034,7000,1264047418,186436656,42994693552,1513460,32384995442,3589663,24240025930,141745,12.7114
/home/fyquah/fyp/prod/rundir/2018-02-20T01_58_03.272533Z/opt_data/135/2/execution_stats.sexp,192.168.0.11,3377,59628,2,15188600358,409318,409318,565248,73728,203,73525,38355,0,58,1,26367170014,2008512,26367170014,2008512,1287766,2011355,26347554125,5782,2084,47950657715,131807642199,26223104152,776813,1441906,664835,26253058111,5199,648,47745356057,131305543616,1902100997,32340433728,24269540963,261651252,2410640,7548,1259672082,188596662,42858240728,1452354,32431976560,3561342,24264396296,144315,12.6695
/home/fyquah/fyp/prod/rundir/2018-02-20T01_58_03.272533Z/opt_data/147/2/execution_stats.sexp,192.168.0.11,3377,59628,2,15188600358,409318,409318,565248,73728,203,73525,38355,0,58,1,26366358936,561582,26366358936,561582,1287171,560443,26347490410,41520,688,46070923262,131803888976,26284727413,736901,1337370,635252,26320686430,6230,755,46088966063,131768638804,1909360035,32442471648,24345208907,333673188,2257348,6883,1207330410,230472714,41079742068,1796168,32287623172,3646469,24247185925,144324,12.2024
/home/fyquah/fyp/prod/rundir/2018-02-20T01_58_03.272533Z/opt_data/149/1/execution_stats.sexp,192.168.0.11,3377,59628,2,15188600358,409318,409318,565248,73728,203,73525,38355,0,58,1,26368448670,554682,26368448670,554682,1167075,560442,26345535633,5592,398,46371626822,131816970688,26327540554,773716,1332934,665797,26357599489,5848,656,46369893885,131825125874,1909708334,32287290608,24233113633,329151892,2283446,6711,1216048074,228430496,41376636312,1655116,32333604478,3502960,24282757472,144289,12.2515
/home/fyquah/fyp/prod/rundir/2018-02-20T01_58_03.272533Z/opt_data/154/2/execution_stats.sexp,192.168.0.11,3377,59628,2,15188600358,409318,409318,565248,73728,203,73525,38355,0,58,1,26362194229,592276,26362194229,592276,1164460,597744,26350524345,32796,971,46483652042,131755997994,26255852572,766879,1318994,656109,26287151194,5186,802,46420717261,131612701824,1906667154,32409031400,24318280636,327152935,2349062,18126,1223957758,227151648,41503295061,1678428,32327063453,3572435,24215767710,144315,12.3054
/home/fyquah/fyp/prod/rundir/2018-02-20T01_58_03.272533Z/opt_data/162/1/execution_stats.sexp,192.168.0.11,3377,59628,2,15188600358,409318,409318,565248,73728,203,73525,38355,0,58,1,26367346297,569423,26367346297,569423,1284170,570016,26342957701,5049,506,47242044282,131820717775,26261341268,770522,1423320,658957,26251891540,4872,484,47085513518,131436368599,1905294950,32371124857,24296967780,306438996,2077118,6920,1242352134,217062324,42252380696,2090314,32439726592,4281384,24197449078,143480,12.4995
/home/fyquah/fyp/prod/rundir/2018-02-20T01_58_03.272533Z/opt_data/165/2/execution_stats.sexp,192.168.0.11,3377,59628,2,15188600358,409318,409318,565248,73728,203,73525,38355,0,58,1,26366939924,564082,26366939924,564082,1185264,566933,26343940469,5025,407,47413088471,131790709944,26294836465,762864,1350602,650224,26327634262,5316,626,47412038474,131736274526,1908005173,32434000322,24329082589,268183140,2232530,7324,1242188972,191666694,42264354300,1492292,32321127400,3877694,24252711742,144319,12.5450
/home/fyquah/fyp/prod/rundir/2018-02-20T01_58_03.272533Z/opt_data/166/0/execution_stats.sexp,192.168.0.11,3377,59628,2,15188600358,409318,409318,565248,73728,203,73525,38355,0,58,1,26347935544,593898,26347935544,593898,1177181,600632,26344654304,13675,473,46363390321,131649204896,26359983355,760627,1332324,652240,26360450428,8042,646,46365040578,131814498974,1909523288,32288122890,24222608666,332180662,2378688,6561,1216022906,230384749,41375558076,1680721,32333014598,3561490,24283361220,144289,12.2640
/home/fyquah/fyp/prod/rundir/2018-02-20T01_58_03.272533Z/opt_data/172/1/execution_stats.sexp,192.168.0.11,3377,59628,2,15188600358,409318,409318,565248,73728,203,73525,38355,0,58,1,26345160824,558499,26345160824,558499,1175936,564612,26345746297,5355,457,46098377424,131648333588,26305912238,791044,1356054,679700,26343976618,8258,1206,46075722336,131753933274,1908683718,32435320879,24339272894,330824455,2290303,6125,1207087308,229876042,41070499763,1669380,32286316867,3518429,24247567144,144289,12.1999
/home/fyquah/fyp/prod/rundir/2018-02-20T01_58_03.272533Z/opt_data/180/0/execution_stats.sexp,192.168.0.11,3377,59628,2,15188600358,409318,409318,565248,73728,203,73525,38355,0,58,1,26369061898,598424,26369061898,598424,1176384,600203,26340337367,8472,378,46334531682,131771573915,26347642688,825772,1329332,717776,26360295806,6588,682,46354182038,131475427124,1904817648,32293950603,24228974530,333388106,2276730,6656,1216057309,230583514,41376294738,1617061,32339372137,3387078,24286610471,144289,12.2564
/home/fyquah/fyp/prod/rundir/2018-02-20T01_58_03.272533Z/opt_data/181/2/execution_stats.sexp,192.168.0.11,3377,59628,2,15188600358,409318,409318,565248,73728,203,73525,38355,0,58,1,26368619172,561480,26368619172,561480,1190721,563608,26345894025,5222,621,46113629852,131812207663,26311647362,736882,1335083,633318,26327419592,4524,604,46089566847,131795737932,1908928378,32440409820,24345461236,336848937,2416759,7556,1207258730,232458390,41077504926,1758808,32291559965,3593109,24250919004,144289,12.2090
/home/fyquah/fyp/prod/rundir/2018-02-20T01_58_03.272533Z/opt_data/185/1/execution_stats.sexp,192.168.0.11,3377,59628,2,15188600358,409318,409318,565248,73728,203,73525,38355,0,58,1,26350864685,1337936,26350864685,1337936,1433003,1334416,26349778973,7535,1504,46501784357,131679916954,26268947350,777086,1652440,667110,26296607906,22074,654,46416321804,131645074674,1908788554,32422244416,24346421218,334732474,2400629,18040,1223469559,231334724,41489653558,2010046,32250482436,3991426,24220540464,144630,12.2950
/home/fyquah/fyp/prod/rundir/2018-02-20T01_58_03.272533Z/opt_data/186/0/execution_stats.sexp,192.168.0.11,3377,59628,2,15188600358,409318,409318,565248,73728,203,73525,38355,0,58,1,26350897229,589842,26350897229,589842,1156262,595115,26346062147,6018,729,46369671156,131667955358,26324808274,732064,1316344,631207,26361907424,5606,475,46367931982,131846240837,1909751608,32295128052,24230440526,334083327,2299632,6429,1216020862,231435153,41374614611,1639366,32336019147,3515252,24284414602,144289,12.2675
/home/fyquah/fyp/prod/rundir/2018-02-20T01_58_03.272533Z/opt_data/187/0/execution_stats.sexp,192.168.0.11,3377,59628,2,15188600358,409318,409318,565248,73728,203,73525,38355,0,58,1,26364678023,555384,26364678023,555384,1431535,553709,26345291695,17135,1268,47971495006,131802084006,26313084452,714006,1597310,614791,26229269087,7746,972,47750853856,131283121487,1901865976,32332652018,24264740334,269005860,2033308,6616,1259921201,193491084,42866809156,1651126,32427012110,3802254,24333474008,169742,12.6824
/home/fyquah/fyp/prod/rundir/2018-02-20T01_58_03.272533Z/opt_data/187/2/execution_stats.sexp,192.168.0.10,3377,59628,2,15188600358,409318,409318,565248,73728,203,73525,38355,0,58,1,26364245164,550363,26364245164,550363,1145267,555594,26346638330,5835,607,46309638570,131744206531,26310917730,764536,1317790,656854,26373315808,5388,518,46364010036,131834387268,1909610111,32290504500,24241045614,334569292,2325354,7540,1215865792,231223796,41369310621,1576700,32328685468,3472986,24274834069,144289,12.2760
/home/fyquah/fyp/prod/rundir/2018-02-20T01_58_03.272533Z/opt_data/188/0/execution_stats.sexp,192.168.0.11,3377,59628,2,15188600358,409318,409318,565248,73728,203,73525,38355,0,58,1,26345840941,563542,26345840941,563542,1181105,569886,26347960176,5935,846,46094401856,131646686081,26290576776,1563034,1361936,1499672,26306959430,6345,922,46088222156,131722454999,1908800935,32435209485,24347003166,334561096,2317332,7300,1207277177,228675452,41077586301,1736054,32267625124,3600058,24230222174,144289,12.1974
/home/fyquah/fyp/prod/rundir/2018-02-20T01_58_03.272533Z/opt_data/191/1/execution_stats.sexp,192.168.0.11,3377,59628,2,15188600358,409318,409318,565248,73728,203,73525,38355,0,58,1,26363066746,557063,26363066746,557063,1159318,560446,26345904053,5058,351,46310295010,131740870985,26320302573,771302,1342130,665966,26370853794,5622,623,46361346703,131800130906,1909271142,32362880816,24241968058,330388412,2301804,7554,1215857961,227831770,41369518204,1620631,32326836370,3540380,24276548113,144289,12.2669
/home/fyquah/fyp/prod/rundir/2018-02-20T01_58_03.272533Z/opt_data/192/0/execution_stats.sexp,192.168.0.11,3377,59628,2,15188600358,409318,409318,565248,73728,203,73525,38355,0,58,1,26366567548,547928,26366567548,547928,1226635,552470,26347634439,6012,504,47400696586,131759293823,26303393618,743302,1425210,641123,26321049843,16386,881,47419205949,131767684662,1908299386,32437577026,24330218442,272467509,2207764,6671,1242377806,194500395,42269801970,1513674,32329165544,3831993,24267809908,137077,12.6522
/home/fyquah/fyp/prod/rundir/2018-02-20T01_58_03.272533Z/opt_data/194/1/execution_stats.sexp,192.168.0.11,3377,59628,2,15188600358,409318,409318,565248,73728,203,73525,38355,0,58,1,26363874261,556294,26363874261,556294,1433737,559423,26346745199,6206,807,46442407162,131736951693,26330852642,764318,1596656,662552,26334548362,8016,521,47041044400,131330812784,1904411534,32377371478,24284343402,310778560,2419512,8224,1233337976,217291654,41964042252,1905970,32361998440,4209162,24282363666,144630,12.2974
/home/fyquah/fyp/prod/rundir/2018-02-20T01_58_03.272533Z/opt_data/196/0/execution_stats.sexp,192.168.0.11,3377,59628,2,15188600358,409318,409318,565248,73728,203,73525,38355,0,58,1,26371591716,629143,26371591716,629143,1173738,633238,26345383069,15260,484,46522478182,131819770086,26251738504,798180,1350217,693099,26282338786,15719,1146,46411359175,131533527864,1905845470,32396420932,24310486358,334176651,2157397,12792,1224247346,230769562,41628051334,1671044,32402998272,3615273,24205352182,140162,12.3134
/home/fyquah/fyp/prod/rundir/2018-02-20T01_58_03.272533Z/opt_data/198/0/execution_stats.sexp,192.168.0.11,3377,59628,2,15188600358,409318,409318,565248,73728,203,73525,38355,0,58,1,26362897211,594865,26362897211,594865,1192175,598183,26347404114,6124,574,46116794058,131815376548,26313198709,777670,1327554,665352,26324055776,5330,1176,46081168864,131767092742,1908757898,32441165200,24344523394,336977012,2263503,6894,1207325295,232832484,41078590033,1719184,32290486222,3525904,24249179529,144289,12.1964
/home/fyquah/fyp/prod/rundir/2018-02-20T01_58_03.272533Z/opt_data/199/1/execution_stats.sexp,192.168.0.11,3377,59628,2,15188600358,409318,409318,565248,73728,203,73525,38355,0,58,1,26363105031,589569,26363105031,589569,1267009,588734,26351557132,4673,461,48005778069,131754291718,26317910637,757131,1418264,646990,26338009135,5695,854,48066053460,131771911056,1908705390,32450817298,24345666032,262370882,2127698,6499,1259851530,188821403,42865231818,1578336,32342724761,3570487,24277397262,144289,12.7114
/home/fyquah/fyp/prod/rundir/2018-02-20T09_34_21.270736Z/opt_data/initial/0/execution_stats.sexp,192.168.0.12,3377,59628,2,15188600358,409318,409318,565248,73728,203,73525,38355,0,58,1,26364748667,552428,26364748667,552428,1285520,552771,26331904694,13259,598,48088359127,131806907355,26348707912,718205,1371319,618656,26345706320,4842,603,48054442939,131769816192,1908678630,32370601020,24287678694,263725668,2343074,6016,1259851806,189648960,42864897088,1623424,32346614335,3781306,24281432470,N/A,12.7100
/home/fyquah/fyp/prod/rundir/2018-02-20T09_34_21.270736Z/opt_data/initial/1/execution_stats.sexp,192.168.0.10,3377,59628,2,15188600358,409318,409318,565248,73728,203,73525,38355,0,58,1,26368489655,550179,26368489655,550179,1205119,554101,26346346445,5794,598,48081956509,131809000427,26322711826,724358,1383116,625879,26352633545,4378,624,48058960608,131768914050,1908978334,32447118836,24337966266,268413838,2294470,7186,1259617532,193065012,42857376293,1520122,32337199418,3710085,24272865886,N/A,12.7119
/home/fyquah/fyp/prod/rundir/2018-02-20T09_34_21.270736Z/opt_data/initial/2/execution_stats.sexp,192.168.0.11,3377,59628,2,15188600358,409318,409318,565248,73728,203,73525,38355,0,58,1,26347981004,533468,26347981004,533468,1221930,535695,26349806523,5983,502,48058729865,131657878776,26314598532,738042,1398598,635872,26332564944,5624,488,48067117268,131783093636,1909240830,32452840596,24343579995,267309952,2394738,8044,1259874026,191643606,42866698618,1571592,32343615792,3756121,24278303130,N/A,12.7114
/home/fyquah/fyp/prod/rundir/2018-02-20T09_34_21.270736Z/opt_data/initial/3/execution_stats.sexp,192.168.0.12,3377,59628,2,15188600358,409318,409318,565248,73728,203,73525,38355,0,58,1,26358811936,551477,26358811936,551477,1249202,554702,26352011049,13805,454,48069012753,131804626244,26338675741,731484,1389576,633037,26361675278,15839,1234,48055017191,131740125638,1908336922,32358402352,24280509980,267920260,2526622,6578,1264114860,192401241,43009133000,1667838,32345108353,3863460,24280108800,N/A,12.7144
/home/fyquah/fyp/prod/rundir/2018-02-20T09_34_21.270736Z/opt_data/initial/4/execution_stats.sexp,192.168.0.10,3377,59628,2,15188600358,409318,409318,565248,73728,203,73525,38355,0,58,1,26365812133,544090,26365812133,544090,1206830,545333,26331220955,4728,661,48087924040,131813061113,26311163276,711184,1351105,616587,26354532216,4912,726,48063613683,131770284514,1908681034,32448011532,24340304838,268501211,2031604,7044,1259618615,192811481,42858274368,1584518,32336269468,3708776,24275885579,N/A,12.7119
/home/fyquah/fyp/prod/rundir/2018-02-20T09_34_21.270736Z/opt_data/initial/5/execution_stats.sexp,192.168.0.11,3377,59628,2,15188600358,409318,409318,565248,73728,203,73525,38355,0,58,1,26369602729,558625,26369602729,558625,1190914,558141,26333962852,5549,623,48080435924,131799352693,26327877344,733578,1379301,629956,26334104663,5706,952,48072308670,131763689895,1908859810,32446116940,24343231628,265321308,2227642,7410,1259922153,190929486,42867925788,1625792,32339251459,3845972,24272540621,N/A,12.7139
/home/fyquah/fyp/prod/rundir/2018-02-20T09_34_21.270736Z/opt_data/initial/6/execution_stats.sexp,192.168.0.10,3377,59628,2,15188600358,409318,409318,565248,73728,203,73525,38355,0,58,1,26363334870,559127,26363334870,559127,1197163,561447,26347829117,9081,542,48073425001,131814626816,26304480711,735879,1405908,630245,26346765724,11268,960,48066417633,131760251376,1908666508,32445002752,24344275746,266728622,2200022,6484,1259692234,191414242,42859576102,1654085,32334375832,3670132,24272259674,N/A,12.7090
/home/fyquah/fyp/prod/rundir/2018-02-20T09_34_21.270736Z/opt_data/initial/7/execution_stats.sexp,192.168.0.12,3377,59628,2,15188600358,409318,409318,565248,73728,203,73525,38355,0,58,1,26364881952,555646,26364881952,555646,1199986,558334,26349223564,5096,563,48056281372,131808153022,26344630170,726762,1400300,625562,26340442516,7499,986,48065464350,131757253456,1908738398,32441557975,24281790716,268306449,2111722,6484,1259891476,192631592,42866325378,1631822,32336650398,3843462,24274145082,N/A,12.7069
/home/fyquah/fyp/prod/rundir/2018-02-20T09_34_21.270736Z/opt_data/initial/8/execution_stats.sexp,192.168.0.11,3377,59628,2,15188600358,409318,409318,565248,73728,203,73525,38355,0,58,1,26357222809,600807,26357222809,600807,1227145,601816,26351028768,8107,720,48143642260,131729261095,26342908918,739880,1388784,640653,26341634770,4946,818,48067348448,131746445570,1908426302,32438805439,24337948630,266967378,2448478,6437,1259903812,191419360,42866032882,1622475,32339207080,3720253,24273534197,N/A,12.7104
/home/fyquah/fyp/prod/rundir/2018-02-20T09_34_21.270736Z/opt_data/0/current/execution_stats.sexp,192.168.0.11,3377,59628,2,15188600358,409318,409318,565248,73728,203,73525,38355,0,58,1,26367165677,551598,26367165677,551598,1221258,552238,26326081533,4982,384,48081170123,131807658471,26337129009,724050,1371298,625176,26309729670,18160,1254,48026253382,131679799310,1908114755,32449581628,24340795990,266840792,2272636,7012,1259859612,191913648,42865566622,1622992,32337303558,3951380,24268353730,120282,12.7119
/home/fyquah/fyp/prod/rundir/2018-02-20T09_34_21.270736Z/opt_data/1/current/execution_stats.sexp,192.168.0.12,3377,59628,2,15188600358,409318,409318,565248,73728,203,73525,38355,0,58,1,26368012556,562026,26368012556,562026,1230963,566083,26326362317,4708,391,48080405565,131812502730,26328476736,735738,1367891,633212,26280354502,5316,624,48534729209,131559295726,1906275680,32444910266,24333307800,259329976,2200696,8650,1277322673,187119618,43446241000,1553610,32434294912,3692439,24260024461,120282,12.7124
/home/fyquah/fyp/prod/rundir/2018-02-20T09_34_21.270736Z/opt_data/2/current/execution_stats.sexp,192.168.0.10,3377,59628,2,15188600358,409318,409318,565248,73728,203,73525,38355,0,58,1,26367627608,553123,26367627608,553123,1214631,552668,26337184275,6274,1277,48055674808,131798679661,26268885798,749144,1367703,643788,26299120222,4511,544,48080864450,131624319866,1906933885,32419461532,24325922721,258632678,2497904,7337,1264304356,186514366,43006206296,1526762,32389687674,3629444,24239345993,120282,12.7079
/home/fyquah/fyp/prod/rundir/2018-02-20T09_34_21.270736Z/opt_data/3/current/execution_stats.sexp,192.168.0.12,3377,59628,2,15188600358,409318,409318,565248,73728,203,73525,38355,0,58,1,26367762712,544738,26367762712,544738,1190740,548815,26331367539,4690,288,48064458945,131808377490,26327401900,763577,1396738,656525,26357938768,5312,1106,48052182744,131745925560,1908417879,32444684864,24342256882,266942607,2288622,6963,1259713182,191251705,42859807458,1506252,32339911468,3678104,24274305236,120282,12.7184
/home/fyquah/fyp/prod/rundir/2018-02-20T09_34_21.270736Z/opt_data/4/current/execution_stats.sexp,192.168.0.10,3377,59628,2,15188600358,409318,409318,565248,73728,203,73525,38355,0,58,1,26367827433,545630,26367827433,545630,1206592,545317,26330816243,5144,369,48074188390,131813000608,26328615136,744094,1379366,638294,26346461094,5188,578,48057076650,131766393187,1908700860,32448182788,24287231450,264495375,2363524,7465,1259908930,189593059,42866673294,1560944,32348528196,3664232,24280557270,120282,12.7199
/home/fyquah/fyp/prod/rundir/2018-02-20T09_34_21.270736Z/opt_data/5/current/execution_stats.sexp,192.168.0.11,3377,59628,2,15188600358,409318,409318,565248,73728,203,73525,38355,0,58,1,26365526442,559659,26365526442,559659,1191773,559468,26341368029,4847,823,48069612483,131815743777,26331222996,735159,1366896,627356,26341229323,6647,1021,48060087458,131743824261,1908357831,32444029482,24342301264,265494924,2146737,7128,1259945698,190489046,42867843728,1557666,32340549094,3678618,24275095600,120282,12.7149
/home/fyquah/fyp/prod/rundir/2018-02-20T09_34_21.270736Z/opt_data/6/current/execution_stats.sexp,192.168.0.10,3377,59628,2,15188600358,409318,409318,565248,73728,203,73525,38355,0,58,1,26367666254,547815,26367666254,547815,1194222,551557,26334186790,5567,717,48072123187,131817888223,26342552087,739292,1387086,629135,26336186210,6095,1148,48061883870,131750938750,1908514698,32445424746,24341169293,264045896,2388010,8508,1259859824,190146117,42865637936,1553785,32341788128,3654284,24276468410,120282,12.7169
/home/fyquah/fyp/prod/rundir/2018-02-20T09_34_21.270736Z/opt_data/7/current/execution_stats.sexp,192.168.0.11,3377,59628,2,15188600358,409318,409318,565248,73728,203,73525,38355,0,58,1,26366943224,550360,26366943224,550360,1210138,550392,26327118897,5746,571,48091843793,131814557727,26332046478,739214,1377368,633060,26336080552,6016,914,48065585846,131745575384,1908398750,32443523644,24344951730,267777690,2200232,7422,1259863148,191995922,42866429820,1669422,32338169513,3803269,24271992264,120282,12.7209
/home/fyquah/fyp/prod/rundir/2018-02-20T09_34_21.270736Z/opt_data/8/current/execution_stats.sexp,192.168.0.12,3377,59628,2,15188600358,409318,409318,565248,73728,203,73525,38355,0,58,1,26368568993,566241,26368568993,566241,1265790,571923,26347657238,11647,481,48061688901,131806050370,26332763243,732288,1355266,629843,26325513735,7124,556,48059907218,131750795235,1908576753,32446444202,24333861794,267561907,2372674,6890,1259850443,192153886,42866047576,1676412,32341383128,3788034,24274529718,120282,12.7125
/home/fyquah/fyp/prod/rundir/2018-02-20T09_34_21.270736Z/opt_data/9/current/execution_stats.sexp,192.168.0.10,3377,59628,2,15188600358,409318,409318,565248,73728,203,73525,38355,0,58,1,26367852512,568366,26367852512,568366,1205337,569370,26330577165,5890,917,48081580936,131820715347,26329181835,738534,1408116,634320,26338917868,5878,1079,48059636011,131751661112,1908559906,32447062514,24344054043,267203201,2375690,6412,1259943738,191548581,42867646341,1577804,32343912100,3692268,24275217012,120282,12.7114
/home/fyquah/fyp/prod/rundir/2018-02-20T09_34_21.270736Z/opt_data/10/current/execution_stats.sexp,192.168.0.12,3377,59628,2,15188600358,409318,409318,565248,73728,203,73525,38355,0,58,1,26369677652,547773,26369677652,547773,1220696,550804,26344854586,6235,978,48065129609,131802460740,26274518520,753368,1407754,649380,26299430420,18393,1210,48068505703,131607429695,1906899186,32414331672,24326720838,260515765,2359150,7794,1264245850,187746277,43005590424,1570764,32394126832,3718342,24238062602,120282,12.7199
/home/fyquah/fyp/prod/rundir/2018-02-20T09_34_21.270736Z/opt_data/11/current/execution_stats.sexp,192.168.0.11,3377,59628,2,15188600358,409318,409318,565248,73728,203,73525,38355,0,58,1,26365404112,591132,26365404112,591132,1203713,591171,26344636667,4742,639,48062451846,131809305905,26287682474,722808,1384786,625409,26315721980,5355,955,48070840200,131591500909,1906197524,32411318274,24318275916,261497632,2296864,7328,1264099006,187819620,42998560736,1634690,32375859294,3799853,24232555615,120282,12.7169
/home/fyquah/fyp/prod/rundir/2018-02-20T09_34_21.270736Z/opt_data/12/current/execution_stats.sexp,192.168.0.10,3377,59628,2,15188600358,409318,409318,565248,73728,203,73525,38355,0,58,1,26367291868,553147,26367291868,553147,1199241,555054,26332728940,5470,537,48068144509,131805693769,26350487278,744547,1467867,641735,26347783454,18420,582,47912252380,131455078346,1904406964,32380532657,24296417126,266889180,2329099,6506,1259877256,191607060,42865636592,1496586,32359803234,3516232,24285856900,120282,12.7110
/home/fyquah/fyp/prod/rundir/2018-02-20T09_34_21.270736Z/opt_data/13/current/execution_stats.sexp,192.168.0.11,3377,59628,2,15188600358,409318,409318,565248,73728,203,73525,38355,0,58,1,26365614350,563071,26365614350,563071,1226960,566534,26345075345,12008,643,48223254488,131814136470,26325351060,718144,1360294,624064,26351751543,4940,772,48066124278,131748254226,1908512773,32438429488,24340058954,266143682,2428182,6871,1259640393,191145589,42859317116,1551176,32335919221,3634883,24272578388,120282,12.7164
/home/fyquah/fyp/prod/rundir/2018-02-20T09_34_21.270736Z/opt_data/14/current/execution_stats.sexp,192.168.0.12,3377,59628,2,15188600358,409318,409318,565248,73728,203,73525,38355,0,58,1,26369089755,548534,26369089755,548534,1199878,552124,26344952448,5149,524,48105434757,131794895890,26318583081,725693,1365623,625988,26338936840,5427,704,48074027963,131776546955,1908956232,32450917552,24345618600,264803752,2379351,6843,1259819675,190692020,42865174527,1588188,32335226170,3688967,24275047836,120282,12.7145
/home/fyquah/fyp/prod/rundir/2018-02-20T09_34_21.270736Z/opt_data/15/current/execution_stats.sexp,192.168.0.10,3377,59628,2,15188600358,409318,409318,565248,73728,203,73525,38355,0,58,1,26368909298,558863,26368909298,558863,1219883,559645,26332329780,6025,803,48097134290,131811110917,26339040889,747564,1417828,639276,26340948024,9664,611,48069287000,131768982748,1908828491,32448682524,24345356660,267977976,2349590,7195,1259888329,192405182,42866749702,1618115,32338138696,3726180,24267904074,120282,12.7110
/home/fyquah/fyp/prod/rundir/2018-02-20T09_34_21.270736Z/opt_data/16/current/execution_stats.sexp,192.168.0.11,3377,59628,2,15188600358,409318,409318,565248,73728,203,73525,38355,0,58,1,26364782501,550519,26364782501,550519,1199501,552661,26350435268,6175,576,48066378225,131819540000,26350437303,731596,1380497,636378,26340343306,5576,903,48066464219,131412617251,1904277055,32373215304,24286589538,267160468,2353542,6759,1264223947,192165725,43014506042,1525218,32356827792,3700240,24286433802,120282,12.7119
/home/fyquah/fyp/prod/rundir/2018-02-20T09_34_21.270736Z/opt_data/17/current/execution_stats.sexp,192.168.0.12,3377,59628,2,15188600358,409318,409318,565248,73728,203,73525,38355,0,58,1,26341360030,565904,26341360030,565904,1207871,567574,26354135593,4879,831,48060997919,131649095469,26321948412,731865,1387404,630280,26354439088,4628,723,48061346505,131751042355,1908610142,32444048618,24338622089,265317207,2206736,5888,1259713774,191073586,42859914617,1571250,32334305730,3807066,24270618240,120282,12.7164
/home/fyquah/fyp/prod/rundir/2018-02-20T09_34_21.270736Z/opt_data/18/current/execution_stats.sexp,192.168.0.10,3377,59628,2,15188600358,409318,409318,565248,73728,203,73525,38355,0,58,1,26364520941,555097,26364520941,555097,1205989,557724,26348176404,9862,695,48081022337,131801819303,26323251438,739552,1394288,632624,26360239367,5528,1109,48053735200,131751036188,1908464888,32441892944,24334786074,267452597,2241750,6915,1259693876,191543196,42859237010,1633979,32341890540,3688913,24276489873,120282,12.7104
/home/fyquah/fyp/prod/rundir/2018-02-20T09_34_21.270736Z/opt_data/19/current/execution_stats.sexp,192.168.0.12,3377,59628,2,15188600358,409318,409318,565248,73728,203,73525,38355,0,58,1,26365216063,551205,26365216063,551205,1197335,552090,26337397028,4784,650,48075385575,131816993426,26308307884,748162,1416398,641134,26318566246,13948,914,48016143777,131624121576,1907286268,32434905252,24333122502,268593222,2360002,14898,1263464787,192718714,42859656538,1559422,32330408810,3788372,24255222368,120282,12.7239
/home/fyquah/fyp/prod/rundir/2018-02-20T09_34_21.270736Z/opt_data/20/current/execution_stats.sexp,192.168.0.11,3377,59628,2,15188600358,409318,409318,565248,73728,203,73525,38355,0,58,1,26363714784,569730,26363714784,569730,1220067,573870,26349768436,5819,394,48075937718,131816549881,26316353850,719469,1362266,621433,26341502390,5520,846,48063390663,131772047838,1908885105,32450010192,24343107526,261677756,2176382,7370,1259863454,188566852,42865979686,1590600,32346469946,3717674,24279977614,120282,12.7119
/home/fyquah/fyp/prod/rundir/2018-02-20T09_34_21.270736Z/opt_data/21/current/execution_stats.sexp,192.168.0.10,3377,59628,2,15188600358,409318,409318,565248,73728,203,73525,38355,0,58,1,26366618532,567678,26366618532,567678,1225164,570505,26349507800,7762,569,48051534425,131821887264,26350438067,715442,1366906,617648,26340523787,5671,855,48056176963,131758641418,1908811688,32443727250,24284373538,265597574,2227186,7388,1259906092,191305226,42867114654,1601108,32345763985,3736222,24278725178,120282,12.7080
/home/fyquah/fyp/prod/rundir/2018-02-20T09_34_21.270736Z/opt_data/22/current/execution_stats.sexp,192.168.0.12,3377,59628,2,15188600358,409318,409318,565248,73728,203,73525,38355,0,58,1,26367979891,551998,26367979891,551998,1198724,553686,26327078067,5688,465,48076170502,131815691519,26336008132,730420,1368716,627551,26343695027,4969,663,48060363749,131757814516,1908552154,32441899530,24281180743,264796208,2310790,7224,1259876886,189857433,42866790117,1577601,32343962324,3738668,24277514852,120282,12.7099
/home/fyquah/fyp/prod/rundir/2018-02-20T09_34_21.270736Z/opt_data/23/current/execution_stats.sexp,192.168.0.11,3377,59628,2,15188600358,409318,409318,565248,73728,203,73525,38355,0,58,1,26370470202,593158,26370470202,593158,1211782,595439,26336216923,5414,495,48057646509,131818937390,26314751480,749802,1428799,645778,26341646668,10668,813,48070169643,131771440786,1908751370,32447064012,24344894591,265091556,2393166,6485,1259891940,190713932,42866066000,1572912,32341133128,3805009,24276918569,120282,12.7119
/home/fyquah/fyp/prod/rundir/2018-02-20T09_34_21.270736Z/opt_data/24/current/execution_stats.sexp,192.168.0.10,3377,59628,2,15188600358,409318,409318,565248,73728,203,73525,38355,0,58,1,26368150655,559458,26368150655,559458,1228950,562002,26342147796,5052,650,48069743481,131805941941,26333467430,733202,1365762,629057,26353474570,5704,1006,48058028391,131751444107,1908569224,32442010907,24281557174,264944226,2321103,6158,1259708922,190586200,42859889620,1614380,32335637530,3926879,24274158507,120282,12.7134
/home/fyquah/fyp/prod/rundir/2018-02-20T09_34_21.270736Z/opt_data/25/current/execution_stats.sexp,192.168.0.12,3377,59628,2,15188600358,409318,409318,565248,73728,203,73525,38355,0,58,1,26368111488,548544,26368111488,548544,1218901,552530,26343000649,4872,346,48056696743,131810776106,26344465812,742404,1359976,639144,26340809197,5300,742,48064657735,131763694448,1908900229,32446137430,24286822973,265151750,2402848,6532,1259861659,190348607,42864788472,1564772,32337981150,3627008,24279144454,120282,12.7134
/home/fyquah/fyp/prod/rundir/2018-02-20T09_34_21.270736Z/opt_data/26/current/execution_stats.sexp,192.168.0.11,3377,59628,2,15188600358,409318,409318,565248,73728,203,73525,38355,0,58,1,26357577760,622512,26357577760,622512,1213217,627103,26352763377,5222,708,48115008330,131729277373,26359818088,752963,1411918,643150,26337969334,9040,698,48072649758,131762246998,1908666164,32444608874,24339944266,266490346,2255747,7132,1259831406,191073085,42865429264,1518767,32332518506,3620609,24270868598,120282,12.7225
/home/fyquah/fyp/prod/rundir/2018-02-20T09_34_21.270736Z/opt_data/27/current/execution_stats.sexp,192.168.0.12,3377,59628,2,15188600358,409318,409318,565248,73728,203,73525,38355,0,58,1,26365401209,547817,26365401209,547817,1206835,553065,26349322187,7220,630,48031711660,131816714763,26298452873,736816,1351546,630522,26316075580,4910,756,48066499538,131719889776,1908286774,32446910900,24342696618,263019792,2317094,6844,1259799968,188516574,42864853490,1584336,32326702854,3838968,24265180312,120282,12.7174
/home/fyquah/fyp/prod/rundir/2018-02-20T09_34_21.270736Z/opt_data/28/current/execution_stats.sexp,192.168.0.10,3377,59628,2,15188600358,409318,409318,565248,73728,203,73525,38355,0,58,1,26370377751,562095,26370377751,562095,1220926,562180,26324354371,6194,555,48080669787,131815233962,26347551740,733891,1368969,630468,26333117764,5181,1248,48069837039,131758190410,1908719740,32446889109,24341478781,266864206,2450676,7242,1259876276,191542718,42867038262,1575906,32337458749,3717711,24271777490,120282,12.7114
/home/fyquah/fyp/prod/rundir/2018-02-20T09_34_21.270736Z/opt_data/29/current/execution_stats.sexp,192.168.0.11,3377,59628,2,15188600358,409318,409318,565248,73728,203,73525,38355,0,58,1,26351038406,555572,26351038406,555572,1209220,560624,26353910672,5627,484,48067147322,131695634598,26353360952,728582,1385520,626682,26337344970,5320,788,48070528434,131753360989,1908767465,32445983410,24335133513,266925470,2416230,6609,1259859597,191378596,42865408014,1531056,32334454195,3700616,24275135282,120282,12.7065
/home/fyquah/fyp/prod/rundir/2018-02-20T09_34_21.270736Z/opt_data/30/current/execution_stats.sexp,192.168.0.10,3377,59628,2,15188600358,409318,409318,565248,73728,203,73525,38355,0,58,1,26368208571,552131,26368208571,552131,1226051,554449,26340430314,5546,681,48070485883,131821513755,26333615196,724759,1390825,624328,26329465964,12963,1319,48072123723,131746961892,1908672259,32445402754,24341208266,264888202,2342194,8314,1259907765,190511884,42866532120,1626998,32331495456,3730255,24269221325,120282,12.7385
/home/fyquah/fyp/prod/rundir/2018-02-20T09_34_21.270736Z/opt_data/31/current/execution_stats.sexp,192.168.0.11,3377,59628,2,15188600358,409318,409318,565248,73728,203,73525,38355,0,58,1,26361617743,545230,26361617743,545230,1206700,549999,26351485727,5812,407,48068576318,131818220336,26347427466,746524,1410578,641890,26334581568,14271,1226,48058567010,131733633782,1908949240,32445125022,24341889081,267127996,2401556,8090,1259866306,191453640,42866176582,1604734,32341483557,3788221,24276916322,120282,12.7204
/home/fyquah/fyp/prod/rundir/2018-02-20T09_34_21.270736Z/opt_data/32/current/execution_stats.sexp,192.168.0.12,3377,59628,2,15188600358,409318,409318,565248,73728,203,73525,38355,0,58,1,26365859711,554582,26365859711,554582,1213236,556060,26351353211,4884,850,48076373751,131808352441,26328024040,729560,1372130,626738,26337955804,5124,624,48067963638,131752378702,1908518937,32445186756,24344128688,267815464,2370014,6759,1259872075,191969268,42866140624,1584191,32340845042,3768468,24277078980,120282,12.7159
/home/fyquah/fyp/prod/rundir/2018-02-20T09_34_21.270736Z/opt_data/33/current/execution_stats.sexp,192.168.0.10,3377,59628,2,15188600358,409318,409318,565248,73728,203,73525,38355,0,58,1,26369250195,566316,26369250195,566316,1253293,571274,26344026219,25932,928,48076708352,131808544862,26326979783,731764,1440092,630572,26339327642,11732,636,48071976865,131769136703,1908720549,32447929727,24343818394,265021830,2411714,5966,1259868382,190712434,42865949056,1568441,32337163319,3582862,24274405158,120282,12.7129
/home/fyquah/fyp/prod/rundir/2018-02-20T09_34_21.270736Z/opt_data/34/current/execution_stats.sexp,192.168.0.12,3377,59628,2,15188600358,409318,409318,565248,73728,203,73525,38355,0,58,1,26365323062,555083,26365323062,555083,1203413,553176,26341117739,4892,1012,48059044871,131804082240,26306133395,743726,1395717,635264,26349017566,6996,944,48065456975,131748880968,1908808233,32444053965,24344447971,264952324,2350369,6850,1259707121,190592520,42859589698,1549504,32330918538,3689167,24266818066,120282,12.7159
/home/fyquah/fyp/prod/rundir/2018-02-20T09_34_21.270736Z/opt_data/35/current/execution_stats.sexp,192.168.0.11,3377,59628,2,15188600358,409318,409318,565248,73728,203,73525,38355,0,58,1,26365667920,570821,26365667920,570821,1359735,571824,26333221520,24501,591,48080657806,131813229948,26305654068,774231,1406351,666142,26317930362,14815,805,48069559928,131707130336,1908358464,32441742724,24340691591,268497952,2304512,7308,1259953044,192360410,42868141080,1532304,32320053992,3755114,24257813942,120282,12.7105
/home/fyquah/fyp/prod/rundir/2018-02-20T09_34_21.270736Z/opt_data/36/current/execution_stats.sexp,192.168.0.10,3377,59628,2,15188600358,409318,409318,565248,73728,203,73525,38355,0,58,1,26368177806,552657,26368177806,552657,1207817,554093,26335492338,5775,735,48071097011,131809301665,26308264836,742564,1371218,633994,26334023220,5047,762,48019688245,131715671244,1908136091,32448254790,24281670010,267789222,2220694,5978,1259724944,191832821,42859539032,1514402,32341891500,3611532,24266314702,120282,12.7094
/home/fyquah/fyp/prod/rundir/2018-02-20T09_34_21.270736Z/opt_data/37/current/execution_stats.sexp,192.168.0.12,3377,59628,2,15188600358,409318,409318,565248,73728,203,73525,38355,0,58,1,26366811352,550229,26366811352,550229,1197864,556203,26345161895,5625,602,48075482063,131805672598,26346952517,736761,1403781,629879,26347145768,5221,567,48052693420,131754983980,1908667010,32439285284,24222622730,264154085,2333214,7216,1259918194,189756225,42866677046,1557008,32347451282,3776554,24278342730,120282,12.7124
/home/fyquah/fyp/prod/rundir/2018-02-20T09_34_21.270736Z/opt_data/38/current/execution_stats.sexp,192.168.0.11,3377,59628,2,15188600358,409318,409318,565248,73728,203,73525,38355,0,58,1,26368877644,560168,26368877644,560168,1219914,559358,26327071437,6375,796,48077928261,131809040323,26278317750,749614,1405856,642430,26306163694,11253,840,48035928639,131670469676,1907703682,32442768200,24338746639,265272802,2276692,12632,1263377683,191151997,42859414317,1561913,32319507088,3764364,24247102372,120282,12.7109
/home/fyquah/fyp/prod/rundir/2018-02-20T09_34_21.270736Z/opt_data/39/current/execution_stats.sexp,192.168.0.10,3377,59628,2,15188600358,409318,409318,565248,73728,203,73525,38355,0,58,1,26358486703,552208,26358486703,552208,1191823,555456,26352374872,4760,623,48072315282,131804793970,26335595447,729283,1389760,632158,26353565148,6071,948,48053855950,131746990072,1908606244,32441996552,24280647024,265079892,2370883,6820,1259707270,190826483,42860228816,1571844,32341464446,3720557,24272666612,120282,12.8531
/home/fyquah/fyp/prod/rundir/2018-02-20T09_34_21.270736Z/opt_data/40/current/execution_stats.sexp,192.168.0.12,3377,59628,2,15188600358,409318,409318,565248,73728,203,73525,38355,0,58,1,26368277970,560220,26368277970,560220,1352033,563835,26345725418,79628,506,48082010026,131815491401,26326087295,743716,1352797,639538,26344241522,5596,890,48055186656,131768634802,1908649186,32448807505,24287539978,264082587,2117385,6404,1259896996,189568820,42866791124,1546162,32348367422,3597497,24281549404,120282,12.7219
/home/fyquah/fyp/prod/rundir/2018-02-20T09_34_21.270736Z/opt_data/41/current/execution_stats.sexp,192.168.0.11,3377,59628,2,15188600358,409318,409318,565248,73728,203,73525,38355,0,58,1,26368995853,567598,26368995853,567598,1210044,568819,26340851617,5991,1052,48061799315,131821239762,26354305134,741056,1422532,631652,26342076928,11522,726,48057388860,131749313969,1908437316,32443437722,24281424154,267691078,2420070,5874,1259884119,192302431,42866379714,1575858,32344182218,3701014,24276994936,120282,12.7114
/home/fyquah/fyp/prod/rundir/2018-02-20T09_34_21.270736Z/opt_data/42/current/execution_stats.sexp,192.168.0.10,3377,59628,2,15188600358,409318,409318,565248,73728,203,73525,38355,0,58,1,26367230634,546174,26367230634,546174,1239405,546995,26338407221,15932,868,48060898732,131814650957,26290311486,758042,1361878,654194,26320999915,4622,640,48076663751,131728191859,1908441946,32445624296,24342194756,265647234,2266482,5578,1259907237,190471394,42866332338,1537006,32320014320,3504030,24259768654,120282,12.7099
/home/fyquah/fyp/prod/rundir/2018-02-20T09_34_21.270736Z/opt_data/43/current/execution_stats.sexp,192.168.0.12,3377,59628,2,15188600358,409318,409318,565248,73728,203,73525,38355,0,58,1,26366684879,557831,26366684879,557831,1191818,558772,26342537323,5870,639,48091457967,131812796859,26341420588,784848,1389284,676472,26327629048,5483,1054,48566155051,131729214945,1908334058,32435989412,24280730818,258459640,2283543,6463,1273020870,185861627,43312907418,1568897,32330997056,3710194,24272126662,120282,12.7119
/home/fyquah/fyp/prod/rundir/2018-02-20T09_34_21.270736Z/opt_data/44/current/execution_stats.sexp,192.168.0.11,3377,59628,2,15188600358,409318,409318,565248,73728,203,73525,38355,0,58,1,26371968739,553419,26371968739,553419,1214093,559079,26342194461,7367,524,48078399232,131818684963,26308497638,732730,1371548,626696,26336668208,5102,632,48076516962,131776881121,1909106458,32449355078,24349002548,265421616,2353774,6576,1259876252,190759452,42865029546,1636024,32335545868,3856291,24272320558,120282,12.7109
/home/fyquah/fyp/prod/rundir/2018-02-20T09_34_21.270736Z/opt_data/45/current/execution_stats.sexp,192.168.0.10,3377,59628,2,15188600358,409318,409318,565248,73728,203,73525,38355,0,58,1,26350569862,558712,26350569862,558712,1222996,563871,26353100716,5096,324,48008429809,131693214272,26329567058,748505,1392542,641488,26357571282,5894,676,48060778836,131749298896,1908557048,32441719562,24331988187,268165734,2175984,6689,1259706531,192508730,42860315263,1550395,32334394308,3813446,24272912383,120282,12.7119
/home/fyquah/fyp/prod/rundir/2018-02-20T09_34_21.270736Z/opt_data/46/current/execution_stats.sexp,192.168.0.11,3377,59628,2,15188600358,409318,409318,565248,73728,203,73525,38355,0,58,1,26363735379,551919,26363735379,551919,1217249,551558,26345989772,4950,751,48031110071,131746676910,26327689732,740894,1386848,637616,26353096396,4888,686,48061120250,131758182914,1908647556,32445518670,24337820100,268249306,2199003,6762,1259685170,192212186,42859325840,1533254,32333533419,3775754,24271352648,120282,12.7234
/home/fyquah/fyp/prod/rundir/2018-02-20T09_34_21.270736Z/opt_data/47/current/execution_stats.sexp,192.168.0.12,3377,59628,2,15188600358,409318,409318,565248,73728,203,73525,38355,0,58,1,26366672346,547952,26366672346,547952,1208092,547056,26337333076,5009,724,48075361643,131815199242,26307996146,746594,1397742,643961,26335886814,7418,766,48074480882,131776928971,1908980674,32443908104,24338849543,268515577,2012462,7762,1259933788,192951300,42868685280,1596074,32341433624,3835424,24274886743,120282,12.7109
/home/fyquah/fyp/prod/rundir/2018-02-20T09_34_21.270736Z/opt_data/48/current/execution_stats.sexp,192.168.0.11,3377,59628,2,15188600358,409318,409318,565248,73728,203,73525,38355,0,58,1,26359918483,548548,26359918483,548548,1230885,548416,26351642298,6017,1062,48091434516,131808442045,26335209217,742099,1393842,637308,26356685908,9532,766,48053676049,131748555458,1908788178,32441655902,24281127616,260853046,2203014,6930,1259644922,187855618,42857955684,1608367,32335919323,3759884,24276929696,120282,12.7485
/home/fyquah/fyp/prod/rundir/2018-02-20T09_34_21.270736Z/opt_data/49/current/execution_stats.sexp,192.168.0.10,3377,59628,2,15188600358,409318,409318,565248,73728,203,73525,38355,0,58,1,26369567825,549531,26369567825,549531,1212008,552010,26347048124,6142,537,48078065168,131818289918,26383340094,735516,1390103,631414,26340370470,7640,454,47945562128,131463809653,1904483295,32386747278,24292002202,266595914,2437632,7981,1264222527,191724914,43013777046,1564466,32373872754,3705578,24301562858,120282,12.7134
/home/fyquah/fyp/prod/rundir/2018-02-20T09_34_21.270736Z/opt_data/50/current/execution_stats.sexp,192.168.0.12,3377,59628,2,15188600358,409318,409318,565248,73728,203,73525,38355,0,58,1,26369436842,573534,26369436842,573534,1187530,574071,26331558759,5232,688,48067193231,131811384712,26362971106,731422,1393940,625620,26346723634,5971,943,48052947652,131743540553,1908689421,32437743940,24223372614,263644696,2281682,7114,1259838537,189419206,42867071796,1596976,32349165802,3798256,24279042648,120282,12.7110
/home/fyquah/fyp/prod/rundir/2018-02-20T09_34_21.270736Z/opt_data/51/current/execution_stats.sexp,192.168.0.10,3377,59628,2,15188600358,409318,409318,565248,73728,203,73525,38355,0,58,1,26348115386,547517,26348115386,547517,1228802,550769,26353558736,6794,756,48064474366,131677357651,26346004780,726080,1352623,623442,26336372668,6710,1122,48065034736,131753834750,1908783633,32448482168,24339129125,265801015,2357828,6415,1259883601,190449643,42866637798,1603632,32337010725,3797274,24273233686,120282,12.7179
/home/fyquah/fyp/prod/rundir/2018-02-20T09_34_21.270736Z/opt_data/52/current/execution_stats.sexp,192.168.0.12,3377,59628,2,15188600358,409318,409318,565248,73728,203,73525,38355,0,58,1,26361279949,544997,26361279949,544997,1249920,549798,26351336852,19923,299,48068336954,131811749321,26301628674,745838,1416776,642931,26333781554,16416,878,48075485556,131779327178,1908905406,32450365538,24348959628,267960697,2345516,7535,1259878320,192345905,42866913929,1591266,32337940294,3724610,24270488690,120282,12.7209
/home/fyquah/fyp/prod/rundir/2018-02-20T09_34_21.270736Z/opt_data/53/current/execution_stats.sexp,192.168.0.11,3377,59628,2,15188600358,409318,409318,565248,73728,203,73525,38355,0,58,1,26368190353,554408,26368190353,554408,1260150,558917,26349847234,7447,830,48072821321,131817432216,26299202516,762124,1402770,652200,26298858316,5564,709,48074188273,131598086732,1906811620,32415146010,24322958268,267563391,2331725,7750,1264287127,192091808,43007948471,1598648,32385411882,3871034,24233162562,120282,12.7084
/home/fyquah/fyp/prod/rundir/2018-02-20T09_34_21.270736Z/opt_data/54/current/execution_stats.sexp,192.168.0.12,3377,59628,2,15188600358,409318,409318,565248,73728,203,73525,38355,0,58,1,26365269833,558157,26365269833,558157,1196848,562032,26350743754,4557,348,48095250777,131813043884,26337165113,739702,1377260,632909,26344292600,6431,1205,48060367872,131747529488,1908560416,32443691852,24342177382,268296942,2241558,8302,1259850130,192294547,42865345202,1590006,32341529402,3830040,24278900636,120282,12.7194
/home/fyquah/fyp/prod/rundir/2018-02-20T09_34_21.270736Z/opt_data/55/current/execution_stats.sexp,192.168.0.11,3377,59628,2,15188600358,409318,409318,565248,73728,203,73525,38355,0,58,1,26368537327,560831,26368537327,560831,1266534,561246,26324899607,12915,708,48076639288,131812830346,26274777586,720124,1385696,622032,26284172836,5404,952,48034678636,131531800722,1906188195,32411870295,24313097282,258093418,2363546,5946,1264085418,185879125,43001221642,1771219,32386456216,4021666,24224525214,120282,12.7219
/home/fyquah/fyp/prod/rundir/2018-02-20T09_34_21.270736Z/opt_data/56/current/execution_stats.sexp,192.168.0.10,3377,59628,2,15188600358,409318,409318,565248,73728,203,73525,38355,0,58,1,26368070271,555093,26368070271,555093,1234289,555572,26331790437,5090,607,48071686419,131812823838,26334612962,725308,1372295,625902,26334468852,4986,742,48065208580,131752737987,1908661194,32443153392,24340175006,267193651,2387474,7436,1259918400,191667973,42867206394,1644777,32339907383,3736541,24274756848,120282,12.7320
/home/fyquah/fyp/prod/rundir/2018-02-20T09_34_21.270736Z/opt_data/57/current/execution_stats.sexp,192.168.0.11,3377,59628,2,15188600358,409318,409318,565248,73728,203,73525,38355,0,58,1,26369233480,540822,26369233480,540822,1202753,542312,26327156377,6456,740,48070610339,131810498612,26343280496,745047,1413231,637438,26339072438,25006,663,48053828417,131753490390,1908605829,32442304588,24277051120,268349747,2408138,6704,1259925726,192491929,42867667836,1534610,32347956050,3597095,24278570476,120282,12.7174
/home/fyquah/fyp/prod/rundir/2018-02-20T09_34_21.270736Z/opt_data/58/current/execution_stats.sexp,192.168.0.10,3377,59628,2,15188600358,409318,409318,565248,73728,203,73525,38355,0,58,1,26364762231,537974,26364762231,537974,1180690,538934,26337686125,5558,910,48072639057,131807037576,26328330828,742551,1381874,638950,26344113183,9664,952,48044206901,131734355418,1908294996,32445253050,24341324182,268200764,2385246,6922,1259724000,192505132,42859775016,1603339,32339084676,3788478,24274969975,120282,12.7224
/home/fyquah/fyp/prod/rundir/2018-02-20T09_34_21.270736Z/opt_data/59/current/execution_stats.sexp,192.168.0.12,3377,59628,2,15188600358,409318,409318,565248,73728,203,73525,38355,0,58,1,26366420581,552638,26366420581,552638,1172309,552694,26332863919,5227,773,48080837811,131810204460,26300461112,746808,1395702,639441,26301529857,6658,613,48072890980,131636218802,1907425718,32425204897,24329083260,262969778,2380570,7838,1264050771,189316730,42995177473,1594006,32385154942,3827688,24245520804,120282,12.7095
/home/fyquah/fyp/prod/rundir/2018-02-20T09_34_21.270736Z/opt_data/60/current/execution_stats.sexp,192.168.0.10,3377,59628,2,15188600358,409318,409318,565248,73728,203,73525,38355,0,58,1,26366864345,566314,26366864345,566314,1208781,568251,26326228661,5831,897,48073556307,131803705985,26363994366,744628,1394715,633940,26343775886,5086,616,48062689006,131755008754,1908772412,32440053807,24273426332,266325760,2342346,6653,1259903426,190923244,42866460209,1577630,32341211976,3860386,24276395810,120282,12.7209
/home/fyquah/fyp/prod/rundir/2018-02-20T09_34_21.270736Z/opt_data/61/current/execution_stats.sexp,192.168.0.12,3377,59628,2,15188600358,409318,409318,565248,73728,203,73525,38355,0,58,1,26341878156,549274,26341878156,549274,1192994,553783,26352094679,5177,446,48058790763,131649538216,26307006569,739058,1377228,635640,26343154838,8186,1286,48064061133,131752454737,1908745076,32445707939,24343856273,264274656,2436356,8959,1259701498,190322198,42859637654,1544196,32333626641,3634256,24271779194,120282,12.7249
/home/fyquah/fyp/prod/rundir/2018-02-20T09_34_21.270736Z/opt_data/62/current/execution_stats.sexp,192.168.0.11,3377,59628,2,15188600358,409318,409318,565248,73728,203,73525,38355,0,58,1,26366970748,551049,26366970748,551049,1271046,555932,26348720727,13767,436,48074353142,131819299454,26321224948,729816,1379126,626717,26341081916,5566,882,48064286683,131774844781,1908714042,32447283264,24336004897,266448442,2305230,7374,1259894772,191169366,42866536736,1571562,32345954112,3708368,24277775590,120282,12.7139
/home/fyquah/fyp/prod/rundir/2018-02-20T09_34_21.270736Z/opt_data/63/current/execution_stats.sexp,192.168.0.12,3377,59628,2,15188600358,409318,409318,565248,73728,203,73525,38355,0,58,1,26368303991,594027,26368303991,594027,1234052,597561,26346943872,19126,1008,48175489376,131807607380,26325276660,730419,1379986,623695,26338731240,5296,808,48068674776,131766875636,1908799176,32449479942,24347410428,263489720,2391267,8273,1259870356,189707852,42864809561,1572296,32333991628,3689611,24271312704,120282,12.7179
/home/fyquah/fyp/prod/rundir/2018-02-20T09_34_21.270736Z/opt_data/64/current/execution_stats.sexp,192.168.0.11,3377,59628,2,15188600358,409318,409318,565248,73728,203,73525,38355,0,58,1,26346435937,554570,26346435937,554570,1198647,556654,26350354607,6371,1067,48067808678,131669418856,26311938136,741607,1361863,636676,26336671502,5862,1073,48072351404,131769454188,1908960344,32448475588,24346036451,267597340,2194442,7850,1259880564,192335890,42866772468,1744666,32338137926,3835812,24272566462,120282,12.7199
/home/fyquah/fyp/prod/rundir/2018-02-20T09_34_21.270736Z/opt_data/65/current/execution_stats.sexp,192.168.0.10,3377,59628,2,15188600358,409318,409318,565248,73728,203,73525,38355,0,58,1,26368215900,546002,26368215900,546002,1215813,546157,26326109913,5086,531,48079655844,131810138892,26343081428,735878,1391596,629730,26341396333,9588,874,48064005713,131749840984,1908741238,32443752066,24340782387,267570468,2387582,7534,1259938076,191684417,42867647103,1610188,32338364266,3797048,24269078614,120282,12.7094
/home/fyquah/fyp/prod/rundir/2018-02-20T09_34_21.270736Z/opt_data/66/current/execution_stats.sexp,192.168.0.11,3377,59628,2,15188600358,409318,409318,565248,73728,203,73525,38355,0,58,1,26363964718,549567,26363964718,549567,1217355,555797,26350634680,6240,727,48065256240,131821400310,26294413204,725196,1390280,626584,26311788062,5726,752,48084480732,131682206650,1907429874,32430405722,24334860048,270573934,2199194,620550,1263700833,193545996,42982687846,1614880,32309518098,3793980,24248875154,120282,12.7109
/home/fyquah/fyp/prod/rundir/2018-02-20T09_34_21.270736Z/opt_data/67/current/execution_stats.sexp,192.168.0.12,3377,59628,2,15188600358,409318,409318,565248,73728,203,73525,38355,0,58,1,26360803419,558192,26360803419,558192,1209180,563349,26351840165,5923,819,48069067007,131811969698,26306973988,736684,1423054,632633,26354944476,15923,1172,48051168614,131746886718,1908538612,32443643622,24283508490,264998018,2304244,6356,1259668976,190066236,42859474506,1540290,32344180166,3706460,24275507484,120282,12.7094
/home/fyquah/fyp/prod/rundir/2018-02-20T09_34_21.270736Z/opt_data/68/current/execution_stats.sexp,192.168.0.10,3377,59628,2,15188600358,409318,409318,565248,73728,203,73525,38355,0,58,1,26369123775,562338,26369123775,562338,1221940,562009,26336537847,4937,425,48087408625,131806260901,26317915434,734622,1377674,632016,26351748852,6042,1016,48062340174,131754302668,1908600078,32444182808,24337842284,264925458,2220944,6970,1259673877,190328560,42859793888,1619218,32335538363,3847418,24266915978,120282,12.7099
/home/fyquah/fyp/prod/rundir/2018-02-20T09_34_21.270736Z/opt_data/69/current/execution_stats.sexp,192.168.0.12,3377,59628,2,15188600358,409318,409318,565248,73728,203,73525,38355,0,58,1,26366225277,554691,26366225277,554691,1225164,557131,26352350809,5222,848,48073048361,131817316654,26347082548,761053,1386586,653368,26340600882,6946,832,48065296286,131760547481,1908820138,32445963840,24340058372,267307878,2368125,6778,1259860776,191700064,42865987824,1586412,32341085325,3709120,24267783292,120282,12.7199
/home/fyquah/fyp/prod/rundir/2018-02-20T09_34_21.270736Z/opt_data/70/current/execution_stats.sexp,192.168.0.11,3377,59628,2,15188600358,409318,409318,565248,73728,203,73525,38355,0,58,1,26368842039,554313,26368842039,554313,1245994,554678,26336384242,9782,713,48082474662,131814388217,26325804491,739038,1382434,631482,26337433950,5452,908,48074101815,131757779385,1908808770,32444940566,24339587034,267402194,2256551,7417,1259864554,191433127,42865872934,1669510,32335037990,3889858,24270937633,120282,12.7100
/home/fyquah/fyp/prod/rundir/2018-02-20T09_34_21.270736Z/opt_data/71/current/execution_stats.sexp,192.168.0.10,3377,59628,2,15188600358,409318,409318,565248,73728,203,73525,38355,0,58,1,26366247119,560536,26366247119,560536,1210976,560395,26327846642,5708,654,48075827272,131804918287,26311073394,730594,1376932,635882,26363695032,7851,843,48050078188,131743648058,1908561907,32440722522,24335356986,267929664,2228043,6110,1259533161,192586949,42854607020,1604212,32339072255,3795026,24272312002,120282,12.7119
/home/fyquah/fyp/prod/rundir/2018-02-20T09_34_21.270736Z/opt_data/72/current/execution_stats.sexp,192.168.0.11,3377,59628,2,15188600358,409318,409318,565248,73728,203,73525,38355,0,58,1,26366056052,550523,26366056052,550523,1183762,551556,26342007179,5263,1025,48083359673,131801647200,26328777882,738398,1373759,631245,26339857536,4836,720,48066019356,131768394904,1908987532,32447595279,24342021225,264559386,2275299,6448,1259926750,190329730,42867245313,1722683,32341944679,3705049,24274266403,120282,12.7209
/home/fyquah/fyp/prod/rundir/2018-02-20T09_34_21.270736Z/opt_data/73/current/execution_stats.sexp,192.168.0.12,3377,59628,2,15188600358,409318,409318,565248,73728,203,73525,38355,0,58,1,26359396713,549452,26359396713,549452,1249699,550383,26351118992,5214,929,48093220309,131814551474,26321996896,733568,1378017,637747,26356103235,7654,928,48063096152,131749135734,1908642153,32442543862,24342815882,266912718,2433825,8875,1259650807,191595345,42858504502,1573639,32331870554,3747631,24273957988,120282,12.7089
/home/fyquah/fyp/prod/rundir/2018-02-20T09_34_21.270736Z/opt_data/74/current/execution_stats.sexp,192.168.0.10,3377,59628,2,15188600358,409318,409318,565248,73728,203,73525,38355,0,58,1,26365504391,548849,26365504391,548849,1223790,552366,26349340511,5663,1086,48062776105,131814744471,26338755386,730386,1390531,631477,26324821016,12452,695,48084088936,131758824219,1908651298,32444367386,24342648772,267082794,2406692,6503,1259867797,191632236,42866497665,1596820,32327785933,3850673,24267240288,120282,12.7174
/home/fyquah/fyp/prod/rundir/2018-02-20T09_34_21.270736Z/opt_data/75/current/execution_stats.sexp,192.168.0.12,3377,59628,2,15188600358,409318,409318,565248,73728,203,73525,38355,0,58,1,26342122271,551709,26342122271,551709,1233124,551932,26351723022,5106,448,48065839206,131664487599,26323802180,721932,1357643,622784,26325895058,4934,584,48020781949,131661798714,1907225604,32438559490,24277376813,265852894,2416574,7658,1259687836,190607683,42859562670,1681843,32336197422,3597038,24261889312,120282,12.7214
/home/fyquah/fyp/prod/rundir/2018-02-20T09_34_21.270736Z/opt_data/76/current/execution_stats.sexp,192.168.0.10,3377,59628,2,15188600358,409318,409318,565248,73728,203,73525,38355,0,58,1,26344840951,545491,26344840951,545491,1216124,549039,26349903286,5209,621,48052006449,131645480788,26361019652,732838,1411984,636143,26336953316,9022,835,48061188024,131735864832,1908334768,32442686240,24339816470,267886218,2364401,7410,1259929694,191991882,42867833030,1617836,32339084429,3748978,24272757134,120282,12.7174
/home/fyquah/fyp/prod/rundir/2018-02-20T09_34_21.270736Z/opt_data/77/current/execution_stats.sexp,192.168.0.11,3377,59628,2,15188600358,409318,409318,565248,73728,203,73525,38355,0,58,1,26364829897,604241,26364829897,604241,1221105,606204,26350959499,4704,972,48075534374,131805056010,26313775528,744217,1350436,639275,26337260667,5648,964,48061717253,131764207920,1908814040,32447089648,24287689004,268240946,2385362,7234,1259865211,192552780,42865635132,1572012,32342281608,3767300,24276549817,120282,12.7124
/home/fyquah/fyp/prod/rundir/2018-02-20T09_34_21.270736Z/opt_data/78/current/execution_stats.sexp,192.168.0.10,3377,59628,2,15188600358,409318,409318,565248,73728,203,73525,38355,0,58,1,26367079308,568091,26367079308,568091,1325365,568022,26327481520,47618,917,48073083052,131802056081,26320007503,727286,1380022,629228,26344825894,5883,1516,48054248874,131725473010,1908338036,32442325186,24346081310,267997385,2506650,6168,1259718585,192251038,42860265512,1663118,32334600136,3828328,24273088496,120282,12.7144
/home/fyquah/fyp/prod/rundir/2018-02-20T09_34_21.270736Z/opt_data/79/current/execution_stats.sexp,192.168.0.11,3377,59628,2,15188600358,409318,409318,565248,73728,203,73525,38355,0,58,1,26363258505,561670,26363258505,561670,1204540,564963,26349316608,6053,1015,48066788230,131820646859,26309462322,729692,1406494,628628,26337890064,5008,758,48072171151,131775744049,1909285576,32449485072,24345767769,267802004,2405937,7140,1259875524,192525905,42865133244,1603060,32339434846,3831930,24275315606,120282,12.8607
/home/fyquah/fyp/prod/rundir/2018-02-20T09_34_21.270736Z/opt_data/80/current/execution_stats.sexp,192.168.0.12,3377,59628,2,15188600358,409318,409318,565248,73728,203,73525,38355,0,58,1,26367304558,556036,26367304558,556036,1204601,560288,26347447832,5287,549,48078395079,131824636061,26276296540,757380,1422489,652700,26296452984,13678,1292,48076604102,131596350332,1906159378,32413618494,24325876822,263588285,2263814,6006,1264280150,189491672,43007514474,1581017,32384998048,3750867,24238909060,120282,12.7134
/home/fyquah/fyp/prod/rundir/2018-02-20T09_34_21.270736Z/opt_data/81/current/execution_stats.sexp,192.168.0.11,3377,59628,2,15188600358,409318,409318,565248,73728,203,73525,38355,0,58,1,26365745207,545342,26365745207,545342,1191126,549103,26348983162,5983,679,48079729987,131811251768,26315690970,713620,1350740,619384,26341169292,6052,728,48065518736,131773087730,1908878198,32447302870,24285211248,262511106,2358213,6723,1259842566,188887124,42865890382,1587817,32344181014,3734518,24280315624,120282,12.7179
/home/fyquah/fyp/prod/rundir/2018-02-20T09_34_21.270736Z/opt_data/82/current/execution_stats.sexp,192.168.0.12,3377,59628,2,15188600358,409318,409318,565248,73728,203,73525,38355,0,58,1,26365342774,551833,26365342774,551833,1196160,552880,26334525822,5960,1075,48077226977,131809554920,26324592231,739660,1364216,633498,26335616831,4880,712,48063864121,131762162590,1909152113,32449656258,24347145362,265905710,2445678,7103,1259871835,190983862,42866051274,1566244,32338671833,3742036,24274118190,120282,12.7169
/home/fyquah/fyp/prod/rundir/2018-02-20T09_34_21.270736Z/opt_data/83/current/execution_stats.sexp,192.168.0.10,3377,59628,2,15188600358,409318,409318,565248,73728,203,73525,38355,0,58,1,26369064106,565883,26369064106,565883,1201435,566789,26334573636,5751,830,48066278875,131815223487,26336579917,733546,1380533,629755,26340628014,5145,1087,48065918748,131766735016,1908827639,32446866521,24342357250,264891799,2034658,5852,1259940316,190272258,42866452906,1603814,32337711232,3779532,24274477333,120282,12.7129
/home/fyquah/fyp/prod/rundir/2018-02-20T09_34_21.270736Z/opt_data/84/current/execution_stats.sexp,192.168.0.12,3377,59628,2,15188600358,409318,409318,565248,73728,203,73525,38355,0,58,1,26371268258,560055,26371268258,560055,1213738,562099,26321734312,5515,796,48079873617,131822635192,26341682550,745844,1394079,634890,26295439519,6010,717,47953917454,131315139626,1902923269,32367045888,24277677650,260634316,2393920,6474,1268567526,187646860,43147560667,1613430,32428502160,3770590,24268354462,120282,12.7214
/home/fyquah/fyp/prod/rundir/2018-02-20T09_34_21.270736Z/opt_data/85/current/execution_stats.sexp,192.168.0.10,3377,59628,2,15188600358,409318,409318,565248,73728,203,73525,38355,0,58,1,26367440967,556083,26367440967,556083,1219008,555099,26336466588,4980,432,48087558188,131805262477,26333410508,746328,1405920,645850,26353226992,6447,1522,48049256343,131732752790,1908289206,32438307480,24278272324,268027896,2154000,7303,1259740287,192432317,42861616006,1569265,32342655029,3734424,24273889234,120282,12.7189
/home/fyquah/fyp/prod/rundir/2018-02-20T09_34_21.270736Z/opt_data/86/current/execution_stats.sexp,192.168.0.11,3377,59628,2,15188600358,409318,409318,565248,73728,203,73525,38355,0,58,1,26371090516,545242,26371090516,545242,1209208,548356,26321650131,6193,946,48077168833,131819082965,26322690450,737668,1371200,630628,26321335850,5046,682,48026392736,131674174806,1907548528,32446834710,24335853860,265296371,2423540,6048,1259671858,190432064,42857874532,1535592,32327468081,3637489,24258970308,120282,12.7109
